Item Title,Publication Title,Book Series Title,Journal Volume,Journal Issue,Item DOI,Authors,Publication Year,URL,Content Type
Recovery learning of robot operational skills based on Gaussian process,Intelligent Service Robotics,,,,10.1007/s11370-025-00629-7,Yinggang ZhouLihua Jiang,2025,https://link.springer.com/article/10.1007/s11370-025-00629-7,Article
A trajectory-level robot skill learning method based on fuzzy systems,Science China Information Sciences,,,,10.1007/s11432-024-4322-6,Chao ZengZhen DengBoyang TiYongsheng Gao,2025,https://link.springer.com/article/10.1007/s11432-024-4322-6,Article
"A process-centric manipulation taxonomy for the organization, classification and synthesis of tactile robot skills",Nature Machine Intelligence,,,,10.1038/s42256-025-01045-3,Lars JohannsmeierSamuel SchneiderYanan LiEtienne BurdetSami Haddadin,2025,https://link.springer.com/article/10.1038/s42256-025-01045-3,Article
Task-oriented adaptive learning of robot manipulation skills,Artificial Life and Robotics,,,,10.1007/s10015-025-01036-y,Kexin JinGuohui TianBin HuangYongcheng CuiXiaoyu Zheng,2025,https://link.springer.com/article/10.1007/s10015-025-01036-y,Article
ARA-DRL: robot skill deep reinforcement learning based on analogical reasoning and self-attention,International Journal of Machine Learning and Cybernetics,,,,10.1007/s13042-025-02784-w,Yunchuan ZhangMuqun GaoWenbai ChenPeiliang Wu,2025,https://link.springer.com/article/10.1007/s13042-025-02784-w,Article
A Code-Free Interactive Task Programming Interface for Robot Skill Construction,Arabian Journal for Science and Engineering,,,,10.1007/s13369-024-09592-4,Ning ZhangYongjia ZhaoShuling Dai,2024,https://link.springer.com/article/10.1007/s13369-024-09592-4,Article
Concept for the automated adaption of abstract planning domains for specific application cases in skills-based industrial robotics,Journal of Intelligent Manufacturing,,,,10.1007/s10845-023-02211-3,Lisa HeussDaniel GebauerGunther Reinhart,2023,https://link.springer.com/article/10.1007/s10845-023-02211-3,Article
Enabling Generic Robot Skill Implementation Using Object Oriented Programming,Advances in Service and Industrial Robotics,,,,10.1007/978-3-032-02106-9_47,Abdullah FarrukhAchim WagnerMartin Ruskowski,2025,https://link.springer.com/chapter/10.1007/978-3-032-02106-9_47,Conference paper
An Perception Enhanced Human-Robot Skill Transfer Method for&#xa0;Reactive Interaction,Towards Autonomous Robotic Systems,,,,10.1007/978-3-031-72062-8_6,Weiyong SiJiale DongNing WangChenguang Yang,2025,https://link.springer.com/chapter/10.1007/978-3-031-72062-8_6,Conference paper
Dynamic Movement Primitives Based Robot Skills Learning,Machine Intelligence Research,,,,10.1007/s11633-022-1346-z,Ling-Huan KongWei HeWen-Shi ChenHui ZhangYao-Nan Wang,2023,https://link.springer.com/article/10.1007/s11633-022-1346-z,Article
Sustainable Transfer Learning for&#xa0;Adaptive Robot Skills,Advances in Service and Industrial Robotics,,,,10.1007/978-3-032-02106-9_43,Khalil AbuibaidVinit HegisteNigora GafurAchim WagnerMartin Ruskwoski,2025,https://link.springer.com/chapter/10.1007/978-3-032-02106-9_43,Conference paper
Utilizing Large Language Models for&#xa0;Robot Skill Reward Shaping in&#xa0;Reinforcement Learning,Intelligent Robotics and Applications,,,,10.1007/978-981-96-0783-9_1,Qi GuoXing LiuJianjiang HuiZhengxiong LiuPanfeng Huang,2025,https://link.springer.com/chapter/10.1007/978-981-96-0783-9_1,Conference paper
A Constrained DMP Framework for&#xa0;Robot Skills Learning and Generalization from Human Demonstrations,Advanced Teleoperation and Robot Learning for Dexterous Manipulation,,,,10.1007/978-3-031-78501-6_6,Chenguang YangZhenyu LuNing Wang,2025,https://link.springer.com/chapter/10.1007/978-3-031-78501-6_6,Chapter
Learning Hierarchical Robot Skills Represented by&#xa0;Behavior Trees from&#xa0;Natural Language,Cooperative Information Systems,,,,10.1007/978-3-031-46846-9_20,Kaiyi WangYongjia ZhaoShuling DaiMinghao YangYichen HeNing Zhang,2024,https://link.springer.com/chapter/10.1007/978-3-031-46846-9_20,Conference paper
Reactive Anticipatory Robot Skills with&#xa0;Memory,Robotics Research,,,,10.1007/978-3-031-25555-7_30,Hakan GirginJulius JankowskiSylvain Calinon,2023,https://link.springer.com/chapter/10.1007/978-3-031-25555-7_30,Conference paper
Towards Large-Space Manipulation Skills Learning with Mobile Manipulator,"Advances in Mechanism, Machine Science and Engineering in China",,,,10.1007/978-981-19-9398-5_129,Yuqiang WuZhiwei LiaoChenwei GongFei Zhao,2023,https://link.springer.com/chapter/10.1007/978-981-19-9398-5_129,Conference paper
Robot Skill Generalization via&#xa0;Keypoint Integrated Soft Actor-Critic Gaussian Mixture Models,Experimental Robotics,,,,10.1007/978-3-031-63596-0_15,Iman NematollahiKirill YankovWolfram BurgardTim Welschehold,2024,https://link.springer.com/chapter/10.1007/978-3-031-63596-0_15,Conference paper
Framework for&#xa0;Reducing the&#xa0;Complexity of&#xa0;Programming Robot Skills,Flexible Automation and Intelligent Manufacturing: The Human-Data-Technology Nexus,,,,10.1007/978-3-031-17629-6_62,Michael HofmannMatthias PropstMarkus IkedaAndreas PichlerFabian SpitzerRoman Froschauer,2023,https://link.springer.com/chapter/10.1007/978-3-031-17629-6_62,Conference paper
Automotive Wire Harness Connector Installation Using Skill-Based Robotic Programming,European Robotics Forum 2025,,,,10.1007/978-3-031-89471-8_26,Andreas KernbachDaniel BargmannManuel ZürnCarsten SchmerbeckAlper YamanMara KläbLukas ZehPhilipp TenbrockSamiha DurnagoezMathias MayerArmin LechlerMichael HeizmannAlexander VerlWerner KrausMarco F. Huber,2025,https://link.springer.com/chapter/10.1007/978-3-031-89471-8_26,Conference paper
An extendable framework for intelligent and easily configurable skills-based industrial robot applications,The International Journal of Advanced Manufacturing Technology,,,,10.1007/s00170-022-09071-w,Lisa HeussClemens GonnermannGunther Reinhart,2022,https://link.springer.com/article/10.1007/s00170-022-09071-w,Article
A Robot Skill Learning Framework Based on Compliant Movement Primitives,Journal of Intelligent & Robotic Systems,,,,10.1007/s10846-022-01605-4,Saixiong DouJuliang XiaoWei ZhaoHang YuanHaitao Liu,2022,https://link.springer.com/article/10.1007/s10846-022-01605-4,Article
Development of a procedure specific and skill based robotic-assisted surgical training program for residents: Delphi study identifying key steps and required skill levels for teaching the low-anterior resection,Surgical Endoscopy,,,,10.1007/s00464-025-12072-x,Y. F. Yvonne AnaniasM. Marije ZwakmanJ. P. M. Maarten BurbachJ. Johan LangeJ. P. E. N. Jean-Pierre PierieE. C. J. Esther ConstenL. P. S. StassenJ. H. W. de WiltR. M. P. H. CrollaD. RoosJ. G. BloemenH. L. van WestreenenJ. MelenhorstB. GrotenhuisG. van der SchellingA. B. SmitsH. E. Lont,2025,https://link.springer.com/article/10.1007/s00464-025-12072-x,Article
"Empowering Production Workers to&#xa0;Program Robots: A No-Code, Skill-Based Approach",Computer-Human Interaction Research and Applications,,,,10.1007/978-3-031-49425-3_2,Charly BlancLionel BoudryAndreas SondereggerJulien NembriniSarah Dégallier-Rochat,2023,https://link.springer.com/chapter/10.1007/978-3-031-49425-3_2,Conference paper
Correction: Development of a procedure specific and skill based robotic-assisted surgical training program for residents: Delphi study identifying key steps and required skill levels for teaching the low-anterior resection,Surgical Endoscopy,,,,10.1007/s00464-025-12562-y,Y. F. Yvonne AnaniasM. Marije ZwakmanJ. P. M. Maarten BurbachJ. Johan LangeJ. P. E. N. Jean-Pierre PierieE. C. J. Esther ConstenL. P. S. StassenJ. H. W. de WiltR. M. P. H. CrollaD. RoosJ. G. BloemenH. L. van WestreenenJ. MelenhorstB. GrotenhuisG. van der SchellingA. B. SmitsH. E. Lont,2026,https://link.springer.com/article/10.1007/s00464-025-12562-y,Article
Human–robot skill transmission for mobile robot via learning by demonstration,Neural Computing and Applications,,,,10.1007/s00521-021-06449-x,Jiehao LiJunzheng WangShoukun WangChenguang Yang,2021,https://link.springer.com/article/10.1007/s00521-021-06449-x,Article
An Integrated Approach for&#xa0;Hand Motion Segmentation and&#xa0;Robot Skills Representation,"Annals of Scientific Society for Assembly, Handling and Industrial Robotics 2022",,,,10.1007/978-3-031-10071-0_24,Shuang LuJulia BergerJohannes Schilp,2023,https://link.springer.com/chapter/10.1007/978-3-031-10071-0_24,Conference paper
Composite dynamic movement primitives based on neural networks for human–robot skill transfer,Neural Computing and Applications,,,,10.1007/s00521-021-05747-8,Weiyong SiNing WangChenguang Yang,2021,https://link.springer.com/article/10.1007/s00521-021-05747-8,Article
Simulator for the Formation Programming Skills Based on Solving Problems of Controlling a Virtual Robot,Mobility for Smart Cities and Regional Development - Challenges for Higher Education,,,,10.1007/978-3-030-93907-6_64,Tetiana BondarenkoVasyl YahupovOleksandr KupriyanovEvhenyi HromovNataliia Briukhanova,2022,https://link.springer.com/chapter/10.1007/978-3-030-93907-6_64,Conference paper
Automatic Parameterization of Motion and Force Controlled Robot Skills,Robot Intelligence Technology and Applications 6,,,,10.1007/978-3-030-97672-9_7,Vamsi Krishna OrigantiThomas EibandDongheui Lee,2022,https://link.springer.com/chapter/10.1007/978-3-030-97672-9_7,Conference paper
A Human-Like Learning Framework of&#xa0;Robot Interaction Skills Based on&#xa0;Environmental Dynamics,Intelligent Robotics and Applications,,,,10.1007/978-3-030-89092-6_55,Hanzhong LiuChenguang YangShi-Lu Dai,2021,https://link.springer.com/chapter/10.1007/978-3-030-89092-6_55,Conference paper
Skill-based programming of complex robotic assembly tasks for industrial application,e & i Elektrotechnik und Informationstechnik,,,,10.1007/s00502-019-00741-4,Sharath Chandra AkkaladeviAndreas PichlerMatthias PlaschMarkus IkedaMichael Hofmann,2019,https://link.springer.com/article/10.1007/s00502-019-00741-4,Article
Scaling Simulation-to-Real Transfer by Learning Composable Robot Skills,Proceedings of the 2018 International Symposium on Experimental Robotics,,,,10.1007/978-3-030-33950-0_24,Ryan JulianEric HeidenZhanpeng HeHejia ZhangStefan SchaalJoseph LimGaurav SukhatmeKarol Hausman,2020,https://link.springer.com/chapter/10.1007/978-3-030-33950-0_24,Conference paper
Reinforcement Learning of Bimanual Robot Skills,Springer Tracts in Advanced Robotics,,,,10.1007/978-3-030-26326-3,Adrià ColoméCarme Torras,2019,https://link.springer.com/book/10.1007/978-3-030-26326-3,Book
Automated Robot Skill Learning from Demonstration for Various Robot Systems,KI 2019: Advances in Artificial Intelligence,,,,10.1007/978-3-030-30179-8_14,Lisa GutzeitAlexander FabischChristoph PetzoldtHendrik WieseFrank Kirchner,2019,https://link.springer.com/chapter/10.1007/978-3-030-30179-8_14,Conference paper
Surgeons’ Operation Skill-Based Control Strategy and Preliminary Evaluation for a Vascular Interventional Surgical Robot,Journal of Medical and Biological Engineering,,,,10.1007/s40846-018-0453-3,Yuan WangShuxiang GuoNan XiaoYouxiang LiYuhua Jiang,2018,https://link.springer.com/article/10.1007/s40846-018-0453-3,Article
Skill-based human–robot cooperation in tele-operated path tracking,Autonomous Robots,,,,10.1007/s10514-017-9675-4,Nima EnayatiGiancarlo FerrignoElena De Momi,2017,https://link.springer.com/article/10.1007/s10514-017-9675-4,Article
B-Human 2017 – Team Tactics and Robot Skills in the Standard Platform League,RoboCup 2017: Robot World Cup XXI,,,,10.1007/978-3-030-00308-1_38,Thomas RöferTim LaueArne HasselbringJesse Richter-KlugEnno Röhrig,2018,https://link.springer.com/chapter/10.1007/978-3-030-00308-1_38,Conference paper
SkiROS—A Skill-Based Robot Control Platform on Top of ROS,Robot Operating System (ROS),,,,10.1007/978-3-319-54927-9_4,Francesco RovidaMatthew CrosbyDirk HolzAthanasios S. PolydorosBjarne GroßmannRonald P. A. PetrickVolker Krüger,2017,https://link.springer.com/chapter/10.1007/978-3-319-54927-9_4,Chapter
Opponent-Aware Ball-Manipulation Skills for an Autonomous Soccer Robot,RoboCup 2016: Robot World Cup XX,,,,10.1007/978-3-319-68792-6_7,Philip CookseyJuan Pablo MendozaManuela Veloso,2017,https://link.springer.com/chapter/10.1007/978-3-319-68792-6_7,Conference paper
Gesture-Based Extraction of Robot Skill Parameters for Intuitive Robot Programming,Journal of Intelligent & Robotic Systems,,,,10.1007/s10846-015-0219-x,Mikkel Rath PedersenVolker Krüger,2015,https://link.springer.com/article/10.1007/s10846-015-0219-x,Article
Specification of Abstract Robot Skills in Terms of Control System Behaviours,"Progress in Automation, Robotics and Measuring Techniques",,,,10.1007/978-3-319-15847-1_14,Tomasz KornutaTomasz WiniarskiCezary Zieliński,2015,https://link.springer.com/chapter/10.1007/978-3-319-15847-1_14,Conference paper
Framework for Learning and Adaptation of Humanoid Robot Skills to Task Constraints,ROBOT2013: First Iberian Robotics Conference,,,,10.1007/978-3-319-03413-3_41,Daniel Hernández GarcíaConcepción A. MonjeCarlos Balaguer,2014,https://link.springer.com/chapter/10.1007/978-3-319-03413-3_41,Chapter
Robot Skill Acquisition by Demonstration and Explorative Learning,New Trends in Medical and Service Robots,,,,10.1007/978-3-319-05431-5_11,Bojan NemecAles Ude,2014,https://link.springer.com/chapter/10.1007/978-3-319-05431-5_11,Chapter
Investigating the Effect of a Robotic Tutor on Learner Perception of Skill Based Feedback,Social Robotics,,,,10.1007/978-3-319-11973-1_19,Aidan JonesGinevra CastellanoSusan Bull,2014,https://link.springer.com/chapter/10.1007/978-3-319-11973-1_19,Conference paper
Recognition and Representation of Robot Skills in Real Time: A Theoretical Analysis,Social Robotics,,,,10.1007/978-3-319-02675-6_13,Wei WangBenjamin JohnstonMary-Anne Williams,2013,https://link.springer.com/chapter/10.1007/978-3-319-02675-6_13,Conference paper
Towards Robot Skill Learning: From Simple Skills to Table Tennis,Machine Learning and Knowledge Discovery in Databases,,,,10.1007/978-3-642-40994-3_42,Jan PetersJens KoberKatharina MüllingOliver KrämerGerhard Neumann,2013,https://link.springer.com/chapter/10.1007/978-3-642-40994-3_42,Conference paper
Developmental Learning of Cooperative Robot Skills: A Hierarchical Multi-Agent Architecture,Perception-Action Cycle,,,,10.1007/978-1-4419-1452-1_16,John N. KarigiannisTheodoros RekatsinasCostas S. Tzafestas,2011,https://link.springer.com/chapter/10.1007/978-1-4419-1452-1_16,Chapter
Learning and Fast Object Recognition in Robot Skill Acquisition: A New Method,Advances in Pattern Recognition,,,,10.1007/978-3-642-15992-3_5,I. Lopez-JuarezR. Rios-CabreraM. Peña-CabreraR. Osorio-Comparan,2010,https://link.springer.com/chapter/10.1007/978-3-642-15992-3_5,Conference paper
A Skill-Based Autonomous Control Method for Robotic Teleoperation,Intelligent Robotics and Applications,,,,10.1007/978-3-540-88513-9_73,Xizhe ZangJie ZhaoHegao Cai,2008,https://link.springer.com/chapter/10.1007/978-3-540-88513-9_73,Conference paper
Natural Demonstration of Manipulation Skills for Multimodal Interactive Robots,Universal Access in Human-Computer Interaction. Ambient Interaction,,,,10.1007/978-3-540-73281-5_97,Markus HüserTim Baier-LöwensteinMarina SvagusaJianwei Zhang,2007,https://link.springer.com/chapter/10.1007/978-3-540-73281-5_97,Conference paper
Automatic Symbolic Modelling of Co-evolutionarily Learned Robot Skills,"Connectionist Models of Neurons, Learning Processes, and Artificial Intelligence",,,,10.1007/3-540-45720-8_96,Agapito LedezmaAntonio BerlangaRicardo Aler,2001,https://link.springer.com/chapter/10.1007/3-540-45720-8_96,Conference paper
Learning Robot Behaviour and Skills Based on Human Demonstration and Advice: The Machine Learning Paradigm,Robotics Research,,,,10.1007/978-1-4471-0765-1_28,R. DillmannO. RogallaM. EhrenmannR. ZölinerM. Bordegoni,2000,https://link.springer.com/chapter/10.1007/978-1-4471-0765-1_28,Conference paper
Learning Dextrous Manipulation Skills for Multifingered Robot Hands Using the Evolution Strategy,Autonomous Robots,,,,10.1023/A:1008822709073,Olac FuentesRandal C. Nelson,1998,https://link.springer.com/article/10.1023/A:1008822709073,Article
Learning Dextrous Manipulation Skills for Multifingered Robot Hands Using the Evolution Strategy,Machine Learning,,,,10.1023/A:1007409228154,Olac FuentesRandal C. Nelson,1998,https://link.springer.com/article/10.1023/A:1007409228154,Article
Learning Expert System for Robot Skills,Expert Systems in Engineering Applications,,,,10.1007/978-3-642-84048-7_14,Sukhan Lee,1993,https://link.springer.com/chapter/10.1007/978-3-642-84048-7_14,Chapter