"Authors","Author full names","Author(s) ID","Title","Year","Source title","Volume","Issue","Art. No.","Page start","Page end","Page count","DOI","Link"
"Gallenberger D.; Bhattacharjee T.; Kim Y.; Srinivasa S.S.","Gallenberger, Daniel (57208161680); Bhattacharjee, Tapomayukh (26322272100); Kim, Youngsun (57208165850); Srinivasa, Siddhartha S. (6602084313)","57208161680; 26322272100; 57208165850; 6602084313","Transfer Depends on Acquisition: Analyzing Manipulation Strategies for Robotic Feeding","2019","ACM/IEEE International Conference on Human-Robot Interaction","2019-March","","8673309","267","276","9","10.1109/HRI.2019.8673309","https://www.scopus.com/inward/record.uri?eid=2-s2.0-85063985315&doi=10.1109%2fHRI.2019.8673309&partnerID=40&md5=7d052750580ac408b3161d0dbb61a2a4"
"Chen N.; Hu Y.; Zhang J.; Zhang J.","Chen, Nan (57220824468); Hu, Ying (56201676100); Zhang, Jun (56039639400); Zhang, Jianwei (56039580400)","57220824468; 56201676100; 56039639400; 56039580400","Robot learning of everyday object manipulation using kinect","2014","Advances in Intelligent Systems and Computing","215","","","665","674","9","10.1007/978-3-642-37835-5_57","https://www.scopus.com/inward/record.uri?eid=2-s2.0-84885036226&doi=10.1007%2f978-3-642-37835-5_57&partnerID=40&md5=7103c786ba0de28ca6e562594e8a09df"
"Qingguo L.; Payandeh S.","Qingguo, Li (57192388832); Payandeh, Shahram (7006688369)","57192388832; 7006688369","An approach for object manipulation using cooperative agents","2006","Proceedings - IEEE International Conference on Robotics and Automation","2006","","1641959","1749","1754","5","10.1109/ROBOT.2006.1641959","https://www.scopus.com/inward/record.uri?eid=2-s2.0-33845620402&doi=10.1109%2fROBOT.2006.1641959&partnerID=40&md5=71e3e3accb4151925d4622bf8bcdca5d"
"Monguzzi A.; Cella C.; Zanchettin A.M.; Rocco P.","Monguzzi, Andrea (57566215300); Cella, Christian (58816418200); Zanchettin, Andrea Maria (27268100300); Rocco, Paolo (57216880234)","57566215300; 58816418200; 27268100300; 57216880234","Vision-Based State and Pose Estimation for Robotic Bin Picking of Cables","2023","IEEE International Conference on Intelligent Robots and Systems","","","","3114","3120","6","10.1109/IROS55552.2023.10342374","https://www.scopus.com/inward/record.uri?eid=2-s2.0-85182523932&doi=10.1109%2fIROS55552.2023.10342374&partnerID=40&md5=615fc95d0ac1291dc76e7b68b5230424"
"Goller T.; Gold T.; Volz A.; Graichen K.","Goller, Tim (57220038432); Gold, Tobias (57212930438); Volz, Andreas (57188844988); Graichen, Knut (8982088500)","57220038432; 57212930438; 57188844988; 8982088500","Model Predictive Interaction Control based on a Path-Following Formulation","2022","2022 IEEE International Conference on Mechatronics and Automation, ICMA 2022","","","","551","556","5","10.1109/ICMA54519.2022.9856004","https://www.scopus.com/inward/record.uri?eid=2-s2.0-85137774877&doi=10.1109%2fICMA54519.2022.9856004&partnerID=40&md5=a5d7fe5c51c2c14f675d7223d9951302"
"Nasiriany S.; Liu H.; Zhu Y.","Nasiriany, Soroush (57218715482); Liu, Huihan (57205394034); Zhu, Yuke (56336009200)","57218715482; 57205394034; 56336009200","Augmenting Reinforcement Learning with Behavior Primitives for Diverse Manipulation Tasks","2022","Proceedings - IEEE International Conference on Robotics and Automation","","","","7477","7484","7","10.1109/ICRA46639.2022.9812140","https://www.scopus.com/inward/record.uri?eid=2-s2.0-85136319620&doi=10.1109%2fICRA46639.2022.9812140&partnerID=40&md5=c6d511a1b46e5250702edd9d6dfca48c"
"Arapi V.; Santina C.D.; Bacciu D.; Bianchi M.; Bicchi A.","Arapi, Visar (57201399881); Santina, Cosimo Della (57188680141); Bacciu, Davide (23395838700); Bianchi, Matteo (57202798446); Bicchi, Antonio (7004326697)","57201399881; 57188680141; 23395838700; 57202798446; 7004326697","Deepdynamichand: A deep neural architecture for labeling hand manipulation strategies in video sources exploiting temporal information","2018","Frontiers in Neurorobotics","12","","86","","","","10.3389/fnbot.2018.00086","https://www.scopus.com/inward/record.uri?eid=2-s2.0-85078995655&doi=10.3389%2ffnbot.2018.00086&partnerID=40&md5=c1ec17e6690b808a3c46d2ac2c0b746b"
"Shen Q.J.; Fahmi M.; Annuar K.A.M.","Shen, Quah Jit (57203413967); Fahmi, Muhammad (57201327467); Annuar, Khalil Azha Mohd (57207203548)","57203413967; 57201327467; 57207203548","Efficient object isolation in complex environment using manipulation primitive on a vision based mobile 6DOF robotic arm","2018","International Journal of Mechanical and Mechatronics Engineering","18","1","","50","56","6","","https://www.scopus.com/inward/record.uri?eid=2-s2.0-85044257488&partnerID=40&md5=3c369ebfa3a48d4ca308fcc7b0a51936"
"Dang H.; Allen P.K.","Dang, Hao (26665970700); Allen, Peter K. (57203498368)","26665970700; 57203498368","Robot learning of everyday object manipulations via human demonstration","2010","IEEE/RSJ 2010 International Conference on Intelligent Robots and Systems, IROS 2010 - Conference Proceedings","","","5651244","1284","1289","5","10.1109/IROS.2010.5651244","https://www.scopus.com/inward/record.uri?eid=2-s2.0-78651473860&doi=10.1109%2fIROS.2010.5651244&partnerID=40&md5=71d3f552826bddcb5b2e67aa6b007ee4"
"Belkhale S.; Sadigh D.","Belkhale, Suneel (57210787945); Sadigh, Dorsa (55052871500)","57210787945; 55052871500","PLATO: Predicting Latent Affordances Through Object-Centric Play","2023","Proceedings of Machine Learning Research","205","","","1424","1434","10","","https://www.scopus.com/inward/record.uri?eid=2-s2.0-85164930280&partnerID=40&md5=c471c9d62fe7b50f6bd2282bc1d979f6"
"Li Q.; Payandeh S.","Li, Qingguo (57192388832); Payandeh, Shahram (7006688369)","57192388832; 7006688369","Manipulation of convex objects via two-agent point-contact push","2007","International Journal of Robotics Research","26","4","","377","403","26","10.1177/0278364907076819","https://www.scopus.com/inward/record.uri?eid=2-s2.0-34047263260&doi=10.1177%2f0278364907076819&partnerID=40&md5=6ef56bd95cf9dcff3d2b6133eae7a6b0"
"Yamaguchi N.; Hasegawa S.; Murooka M.; Okada K.; Inaba M.","Yamaguchi, Naoya (57205399385); Hasegawa, Shun (57200624891); Murooka, Masaki (56031742700); Okada, Kei (7404191426); Inaba, Masayuki (7202428637)","57205399385; 57200624891; 56031742700; 7404191426; 7202428637","Selective grasp in occluded space by all-around proximity perceptible finger","2020","Robotics and Autonomous Systems","127","","103464","","","","10.1016/j.robot.2020.103464","https://www.scopus.com/inward/record.uri?eid=2-s2.0-85081130613&doi=10.1016%2fj.robot.2020.103464&partnerID=40&md5=9d406e344899647593ed5eb2742b48fe"
"Thompson J.A.; Fearing R.S.","Thompson, J.A. (56327727500); Fearing, R.S. (7004262672)","56327727500; 7004262672","Automating microassembly with ortho-tweezers and force sensing","2001","IEEE International Conference on Intelligent Robots and Systems","3","","","1327","1334","7","","https://www.scopus.com/inward/record.uri?eid=2-s2.0-0035558799&partnerID=40&md5=1004f6d052bdddd718071d89be5ac4d3"
"Kim C.H.; Seo J.","Kim, Chung Hee (57207943659); Seo, Jungwon (36675765300)","57207943659; 36675765300","Shallow-Depth Insertion: Peg in Shallow Hole Through Robotic In-Hand Manipulation","2019","IEEE Robotics and Automation Letters","4","2","8598749","383","390","7","10.1109/LRA.2018.2890449Y","https://www.scopus.com/inward/record.uri?eid=2-s2.0-85063312141&doi=10.1109%2fLRA.2018.2890449Y&partnerID=40&md5=b5fefde1bfcbb255b75d875e4b492b30"
"Thomas U.; Wahl F.M.","Thomas, U. (7004226574); Wahl, F.M. (7006166774)","7004226574; 7006166774","Planning sensor feedback for assembly skills by using sensor state space graphs","2012","Lecture Notes in Computer Science (including subseries Lecture Notes in Artificial Intelligence and Lecture Notes in Bioinformatics)","7507 LNAI","PART 2","","696","707","11","10.1007/978-3-642-33515-0_68","https://www.scopus.com/inward/record.uri?eid=2-s2.0-84892843369&doi=10.1007%2f978-3-642-33515-0_68&partnerID=40&md5=e73f3eddb3dfd07b8f75ac1351602d4d"
"Xu J.; Lin Y.; Zhou H.; Min H.","Xu, Jiahua (57982722200); Lin, Yunhan (56987930200); Zhou, Haotian (57195472112); Min, Huasong (36572270900)","57982722200; 56987930200; 57195472112; 36572270900","Generating Manipulation Sequences using Reinforcement Learning and Behavior Trees for Peg-In-Hole Task","2022","Conference Proceedings - IEEE International Conference on Systems, Man and Cybernetics","2022-October","","","2715","2720","5","10.1109/SMC53654.2022.9945269","https://www.scopus.com/inward/record.uri?eid=2-s2.0-85142737814&doi=10.1109%2fSMC53654.2022.9945269&partnerID=40&md5=71d4840ee3191802babb0db1d6685927"
"Ju Z.; Liu H.","Ju, Zhaojie (25655056800); Liu, Honghai (54958434200)","25655056800; 54958434200","Human hand motion analysis with multisensory information","2014","IEEE/ASME Transactions on Mechatronics","19","2","6461947","456","466","10","10.1109/TMECH.2013.2240312","https://www.scopus.com/inward/record.uri?eid=2-s2.0-84895919785&doi=10.1109%2fTMECH.2013.2240312&partnerID=40&md5=d0b51ec822c43801d56f2e3dc5e37f68"
"Fuentes O.; Nelson R.C.","Fuentes, Olac (56240528900); Nelson, Randal C. (55451978200)","56240528900; 55451978200","Learning Dextrous Manipulation Skills for Multifingered Robot Hands Using the Evolution Strategy","1998","Autonomous Robots","5","3-4","","395","405","10","10.1023/a:1008822709073","https://www.scopus.com/inward/record.uri?eid=2-s2.0-0032117387&doi=10.1023%2fa%3a1008822709073&partnerID=40&md5=3743887d4b0f42d002203e5b023333b1"
"Fuentes Olac; Nelson Randal C.","Fuentes, Olac (56240528900); Nelson, Randal C. (55451978200)","56240528900; 55451978200","Virtual tool approach to dextrous telemanipulation","1996","Proceedings - IEEE International Conference on Robotics and Automation","2","","","1700","1705","5","","https://www.scopus.com/inward/record.uri?eid=2-s2.0-0029717088&partnerID=40&md5=1c3aca36e4c356434843af1a39c474d8"
"Zhou C.; Gao W.; Lu W.; Long Y.; Yang S.; Zhao L.; Huang B.; Zheng Y.","Zhou, Cheng (56352255600); Gao, Wentao (58773949600); Lu, Weifeng (57219596993); Long, Yanbo (58066728000); Yang, Sicheng (57222348358); Zhao, Longfei (57221279369); Huang, Bidan (56909201400); Zheng, Yu (55806181800)","56352255600; 58773949600; 57219596993; 58066728000; 57222348358; 57221279369; 56909201400; 55806181800","A Unified Trajectory Generation Algorithm for Dynamic Dexterous Manipulation","2023","IEEE International Conference on Intelligent Robots and Systems","","","","8712","8719","7","10.1109/IROS55552.2023.10342095","https://www.scopus.com/inward/record.uri?eid=2-s2.0-85182522943&doi=10.1109%2fIROS55552.2023.10342095&partnerID=40&md5=7096eb46a08caa2897cde91239b84583"
"Zhang W.; Xia C.; Zhu X.; Liu H.; Liang B.","Zhang, Wuyi (57983184500); Xia, Chongkun (57200148752); Zhu, Xiaojun (56593870300); Liu, Houde (35174957200); Liang, Bin (57201841274)","57983184500; 57200148752; 56593870300; 35174957200; 57201841274","TacRot: A Parallel-Jaw Gripper with Rotatable Tactile Sensors for In-Hand Manipulation","2022","Conference Proceedings - IEEE International Conference on Systems, Man and Cybernetics","2022-October","","","423","429","6","10.1109/SMC53654.2022.9945388","https://www.scopus.com/inward/record.uri?eid=2-s2.0-85142769827&doi=10.1109%2fSMC53654.2022.9945388&partnerID=40&md5=c1850d5e6ed931aa2f8944d8442ce185"
"Kotecha P.; Sinha P.; Govindan N.","Kotecha, Prakrut (59396776700); Sinha, Priyansh (59396515700); Govindan, Nagamanikandan (57195629298)","59396776700; 59396515700; 57195629298","A Hierarchical Manipulation Planning Framework Combining Striking, Pushing, and Pick & Place Motion Primitives","2024","IEEE International Conference on Automation Science and Engineering","","","","956","961","5","10.1109/CASE59546.2024.10711645","https://www.scopus.com/inward/record.uri?eid=2-s2.0-85208249596&doi=10.1109%2fCASE59546.2024.10711645&partnerID=40&md5=509990b83af44cf08f730c7c4e145c7f"
"Fuentes O.; Nelson R.C.","Fuentes, Olac (56240528900); Nelson, Randal C. (55451978200)","56240528900; 55451978200","Learning Dextrous Manipulation Skills for Multifingered Robot Hands Using the Evolution Strategy","1998","Machine Learning","31","1-3","","223","237","14","10.1023/a:1007409228154","https://www.scopus.com/inward/record.uri?eid=2-s2.0-0032043794&doi=10.1023%2fa%3a1007409228154&partnerID=40&md5=940bf071446e064e18e86bc3a6608198"
"Vasilopoulos V.; Kantaros Y.; Pappas G.J.; Koditschek D.E.","Vasilopoulos, Vasileios (56423704400); Kantaros, Yiannis (55308274900); Pappas, George J. (7102070429); Koditschek, Daniel E. (56249297100)","56423704400; 55308274900; 7102070429; 56249297100","Reactive Planning for Mobile Manipulation Tasks in Unexplored Semantic Environments","2021","Proceedings - IEEE International Conference on Robotics and Automation","2021-May","","","6385","6392","7","10.1109/ICRA48506.2021.9561958","https://www.scopus.com/inward/record.uri?eid=2-s2.0-85115038920&doi=10.1109%2fICRA48506.2021.9561958&partnerID=40&md5=10ad3e467e908f961dcf42e69d174e04"
"Gutierrez-Giles A.; Satici A.C.; Donaire A.; Ruggiero F.; Lippiello V.; Siciliano B.","Gutierrez-Giles, Alejandro (55967204300); Satici, Aykut C. (35119578200); Donaire, Alejandro (23988729400); Ruggiero, Fabio (35106028700); Lippiello, Vincenzo (6603433534); Siciliano, Bruno (7006263661)","55967204300; 35119578200; 23988729400; 35106028700; 6603433534; 7006263661","Nonholonomic Rolling Nonprehensile Manipulation Primitive","2022","Springer Tracts in Advanced Robotics","144","","","159","205","46","10.1007/978-3-030-93290-9_7","https://www.scopus.com/inward/record.uri?eid=2-s2.0-85126485153&doi=10.1007%2f978-3-030-93290-9_7&partnerID=40&md5=9471183c0fc90f453dcae063b3d734b8"
"Goller T.; Volz A.; Graichen K.","Goller, Tim (57220038432); Volz, Andreas (57188844988); Graichen, Knut (8982088500)","57220038432; 57188844988; 8982088500","A Programming by Demonstration Approach for Robotic Manipulation with Model Predictive Interaction Control","2024","2024 IEEE Conference on Control Technology and Applications, CCTA 2024","","","","799","804","5","10.1109/CCTA60707.2024.10666568","https://www.scopus.com/inward/record.uri?eid=2-s2.0-85204782895&doi=10.1109%2fCCTA60707.2024.10666568&partnerID=40&md5=e28f1e19bc4da2de0f4e896b6f3e2a0c"
"Li Z.; Wachsmuth S.; Fritsch J.; Sagerer G.","Li, Zhe (56075437100); Wachsmuth, Sven (6506127757); Fritsch, Jannik (56252990800); Sagerer, Gerhard (7004644220)","56075437100; 6506127757; 56252990800; 7004644220","Semi-supervised incremental learning of manipulative tasks","2007","Proceedings of IAPR Conference on Machine Vision Applications, MVA 2007","","","","73","77","4","","https://www.scopus.com/inward/record.uri?eid=2-s2.0-84872553052&partnerID=40&md5=bfd3b3f6573ed8fa2d0002e87370615c"
"Cappelleri D.J.; Fink J.; Kumar V.","Cappelleri, David J. (6507578291); Fink, Jonathan (57156690600); Kumar, Vijay (57226667523)","6507578291; 57156690600; 57226667523","Modeling uncertainty for planar meso-scale manipulation and assembly","2006","Proceedings of the ASME Design Engineering Technical Conference","2006","","","","","10","10.1115/detc2006-99687","https://www.scopus.com/inward/record.uri?eid=2-s2.0-33751325346&doi=10.1115%2fdetc2006-99687&partnerID=40&md5=2f334ee712b084e3fc9c2028fe0ecc7d"
"Xue T.; Razmjoo A.; Shetty S.; Calinon S.","Xue, Teng (58040446500); Razmjoo, Amirreza (57455020800); Shetty, Suhan (57222075128); Calinon, Sylvain (6507248533)","58040446500; 57455020800; 57222075128; 6507248533","Robust Manipulation Primitive Learning via Domain Contraction","2024","Proceedings of Machine Learning Research","270","","","794","809","15","","https://www.scopus.com/inward/record.uri?eid=2-s2.0-86000728060&partnerID=40&md5=153a3d3f6864f196f5a0b991c186d8d2"
"Calli B.; Dollar A.M.","Calli, Berk (24605108500); Dollar, Aaron M. (8637648600)","24605108500; 8637648600","Vision-based precision manipulation with underactuated hands: Simple and effective solutions for dexterity","2016","IEEE International Conference on Intelligent Robots and Systems","2016-November","","7759173","1012","1018","6","10.1109/IROS.2016.7759173","https://www.scopus.com/inward/record.uri?eid=2-s2.0-85006515903&doi=10.1109%2fIROS.2016.7759173&partnerID=40&md5=3517e6be94ecacf474c04343ffd0752d"
"Lee A.X.; Goldstein M.A.; Barratt S.T.; Abbeel P.","Lee, Alex X. (57190865877); Goldstein, Max A. (56742661500); Barratt, Shane T. (56743025800); Abbeel, Pieter (8269962600)","57190865877; 56742661500; 56743025800; 8269962600","A non-rigid point and normal registration algorithm with applications to learning from demonstrations","2015","Proceedings - IEEE International Conference on Robotics and Automation","2015-June","June","7139289","935","942","7","10.1109/ICRA.2015.7139289","https://www.scopus.com/inward/record.uri?eid=2-s2.0-84938261199&doi=10.1109%2fICRA.2015.7139289&partnerID=40&md5=75e39ed9e3b2d050e3078391068a2cc6"
"Finkemeyer B.; Kröger T.; Wahl F.M.","Finkemeyer, Bernd (6507062124); Kröger, Torsten (6602856602); Wahl, Friedrich M. (7006166774)","6507062124; 6602856602; 7006166774","Manipulation primitives: An universal robot programming paradigma; [Aktionsprimitive: Ein universelles roboter-programmierparadigma]","2005","At-Automatisierungstechnik","53","4-5","","189","196","7","10.1524/auto.53.4.189.62256","https://www.scopus.com/inward/record.uri?eid=2-s2.0-84875235845&doi=10.1524%2fauto.53.4.189.62256&partnerID=40&md5=d148c3d0276fe5d2e1000bb8c8469abc"
"Bugur S.; Oztop E.; Nagai Y.; Ugur E.","Bugur, Serkan (57195220747); Oztop, Erhan (8744870300); Nagai, Yukie (7402580650); Ugur, Emre (15021295100)","57195220747; 8744870300; 7402580650; 15021295100","Effect Regulated Projection of Robot's Action Space for Production and Prediction of Manipulation Primitives through Learning Progress and Predictability-Based Exploration","2021","IEEE Transactions on Cognitive and Developmental Systems","13","2","8792160","286","297","11","10.1109/TCDS.2019.2933900","https://www.scopus.com/inward/record.uri?eid=2-s2.0-85070693534&doi=10.1109%2fTCDS.2019.2933900&partnerID=40&md5=4bdcb5363e0b7eff6d33c4e7a5e5d8f5"
"Li Q.; Meier M.; Haschke R.; Ritter H.; Bolder B.","Li, Qiang (55703477400); Meier, Martin (39863205100); Haschke, Robert (8308080100); Ritter, Helge (55964297500); Bolder, Bram (23007613400)","55703477400; 39863205100; 8308080100; 55964297500; 23007613400","Object dexterous manipulation in hand based on finite state machine","2012","2012 IEEE International Conference on Mechatronics and Automation, ICMA 2012","","","6283419","1185","1190","5","10.1109/ICMA.2012.6283419","https://www.scopus.com/inward/record.uri?eid=2-s2.0-84867598856&doi=10.1109%2fICMA.2012.6283419&partnerID=40&md5=c4cb6c44cd41e63d4d63e43e89cc7a67"
"Rilk M.; Kubus D.; Wahl F.M.; Eichhorn K.W.G.; Wagner I.; Bootz F.","Rilk, Markus (23390561800); Kubus, Daniel (16550432300); Wahl, Friedrich M. (7006166774); Eichhorn, Klaus W. G. (23389061400); Wagner, Ingo (23487121700); Bootz, Friedrich (7005500718)","23390561800; 16550432300; 7006166774; 23389061400; 23487121700; 7005500718","Demonstration of a prototype for robot assisted endoscopic sinus surgery","2010","Proceedings - IEEE International Conference on Robotics and Automation","","","5509388","1090","1091","1","10.1109/ROBOT.2010.5509388","https://www.scopus.com/inward/record.uri?eid=2-s2.0-77955825480&doi=10.1109%2fROBOT.2010.5509388&partnerID=40&md5=cd439ad5e731d493466bbe5bd924a6bd"
"Huang S.; Aertbeliën E.; Van Brussel H.; Bruyninckx H.","Huang, Shu (59049087900); Aertbeliën, Erwin (6507096344); Van Brussel, Hendrik (7007181567); Bruyninckx, Herman (7003332828)","59049087900; 6507096344; 7007181567; 7003332828","A behavior-based approach for task learning on mobile manipulators","2010","Joint 41st International Symposium on Robotics and 6th German Conference on Robotics 2010, ISR/ROBOTIK 2010","2","","","962","967","5","","https://www.scopus.com/inward/record.uri?eid=2-s2.0-84881462307&partnerID=40&md5=e5459f42020d905199fb0ac0ce5b47f1"
"Moll M.; Goldberg K.; Erdmann M.A.; Fearing R.","Moll, Mark (15832207500); Goldberg, Ken (35453491100); Erdmann, Michael A. (7102615084); Fearing, Ron (7004262672)","15832207500; 35453491100; 7102615084; 7004262672","Aligning parts for micro assemblies","2002","Assembly Automation","22","1","","46","54","8","10.1108/01445150210416673","https://www.scopus.com/inward/record.uri?eid=2-s2.0-0036253592&doi=10.1108%2f01445150210416673&partnerID=40&md5=615f16e9e04b0bd5f8f4d96d7d3bddc6"
"Gupta M.; Müller J.; Sukhatme G.S.","Gupta, Megha (57199379666); Müller, Jörg (57213558832); Sukhatme, Gaurav S. (7003730870)","57199379666; 57213558832; 7003730870","Using Manipulation Primitives for Object Sorting in Cluttered Environments","2015","IEEE Transactions on Automation Science and Engineering","12","2","6973050","608","614","6","10.1109/TASE.2014.2361346","https://www.scopus.com/inward/record.uri?eid=2-s2.0-85027936420&doi=10.1109%2fTASE.2014.2361346&partnerID=40&md5=30478743510b11245a1149790576fc81"
"Gao K.; Yu J.","Gao, Kai (57219544587); Yu, Jingjin (55745955900)","57219544587; 55745955900","On the Utility of Buffers in Pick-n-Swap Based Lattice Rearrangement","2023","Proceedings - IEEE International Conference on Robotics and Automation","2023-May","","","5786","5792","6","10.1109/ICRA48891.2023.10161182","https://www.scopus.com/inward/record.uri?eid=2-s2.0-85168701880&doi=10.1109%2fICRA48891.2023.10161182&partnerID=40&md5=146a5efdbebe876ee6ad73d8646cfcce"
"Huang E.; Cheng X.; Mao Y.; Gupta A.; Mason M.T.","Huang, Eric (57195421177); Cheng, Xianyi (57207835135); Mao, Yuemin (58066558400); Gupta, Arnav (58066399100); Mason, Matthew T (7201987208)","57195421177; 57207835135; 58066558400; 58066399100; 7201987208","Autogenerated manipulation primitives","2023","International Journal of Robotics Research","42","6","","433","458","25","10.1177/02783649231170897","https://www.scopus.com/inward/record.uri?eid=2-s2.0-85159646589&doi=10.1177%2f02783649231170897&partnerID=40&md5=af5f39b48a7d0234579a9a7debadd895"
"Cheng X.; Huang E.; Hou Y.; Mason M.T.","Cheng, Xianyi (57207835135); Huang, Eric (57195421177); Hou, Yifan (57211420444); Mason, Matthew T. (7201987208)","57207835135; 57195421177; 57211420444; 7201987208","Contact Mode Guided Motion Planning for Quasidynamic Dexterous Manipulation in 3D","2022","Proceedings - IEEE International Conference on Robotics and Automation","","","","2730","2736","6","10.1109/ICRA46639.2022.9811872","https://www.scopus.com/inward/record.uri?eid=2-s2.0-85136334125&doi=10.1109%2fICRA46639.2022.9811872&partnerID=40&md5=4d8c10c521ad824c9663619b1246fa7e"
"Lynch Kevin M.","Lynch, Kevin M. (7202687517)","7202687517","Toppling manipulation","1999","Proceedings - IEEE International Conference on Robotics and Automation","4","","","2551","2557","6","","https://www.scopus.com/inward/record.uri?eid=2-s2.0-0032661146&partnerID=40&md5=3448e5efa88029353bd028d8f138ebfb"
"Pek C.; Muxfeldt A.; Kubus D.","Pek, Christian (57191522221); Muxfeldt, Arne (56502270100); Kubus, Daniel (16550432300)","57191522221; 56502270100; 16550432300","Simplifying synchronization in cooperative robot tasks - An enhancement of the Manipulation Primitive paradigm","2016","IEEE International Conference on Emerging Technologies and Factory Automation, ETFA","2016-November","","7733552","","","","10.1109/ETFA.2016.7733552","https://www.scopus.com/inward/record.uri?eid=2-s2.0-84996559099&doi=10.1109%2fETFA.2016.7733552&partnerID=40&md5=246e957030de6062f673d1e7cb468c46"
"Shome R.; Tang W.N.; Song C.; Mitash C.; Kourtev H.; Yu J.; Boularias A.; Bekris K.E.","Shome, Rahul (56490601300); Tang, Wei N. (57195417221); Song, Changkyu (57192674387); Mitash, Chaitanya (57200628859); Kourtev, Hristiyan (57211920101); Yu, Jingjin (55745955900); Boularias, Abdeslam (23090275300); Bekris, Kostas E. (6506402335)","56490601300; 57195417221; 57192674387; 57200628859; 57211920101; 55745955900; 23090275300; 6506402335","Towards robust product packing with a minimalistic end-effector","2019","Proceedings - IEEE International Conference on Robotics and Automation","","","8793966","9007","9013","6","10.1109/ICRA.2019.8793966","https://www.scopus.com/inward/record.uri?eid=2-s2.0-85071438420&doi=10.1109%2fICRA.2019.8793966&partnerID=40&md5=8d877745c4202ae5703d8a3b96d0e6a5"
"Jin S.; Lian W.; Wang C.; Tomizuka M.; Schaal S.","Jin, Shiyu (57215560879); Lian, Wenzhao (57221093222); Wang, Changhao (57207943015); Tomizuka, Masayoshi (35567325500); Schaal, Stefan (7007171558)","57215560879; 57221093222; 57207943015; 35567325500; 7007171558","Robotic Cable Routing with Spatial Representation","2022","IEEE Robotics and Automation Letters","7","2","","5687","5694","7","10.1109/LRA.2022.3158377","https://www.scopus.com/inward/record.uri?eid=2-s2.0-85126305258&doi=10.1109%2fLRA.2022.3158377&partnerID=40&md5=f29174189843cd6049856b7e4e7d49de"
"Finkemeyer B.; Kröger T.; Wahl F.M.","Finkemeyer, Bernd (6507062124); Kröger, Torsten (6602856602); Wahl, Friedrich M. (7006166774)","6507062124; 6602856602; 7006166774","Executing assembly tasks specified by manipulation primitive nets","2005","Advanced Robotics","19","5","","591","611","20","10.1163/156855305323383811","https://www.scopus.com/inward/record.uri?eid=2-s2.0-21244465128&doi=10.1163%2f156855305323383811&partnerID=40&md5=d3e6ff57d3408cd57c181e69d4146ecf"
"Rojas N.; Ma R.R.; Dollar A.M.","Rojas, Nicolas (36606787800); Ma, Raymond R. (54791229500); Dollar, Aaron M. (8637648600)","36606787800; 54791229500; 8637648600","The GR2 Gripper: An Underactuated Hand for Open-Loop In-Hand Planar Manipulation","2016","IEEE Transactions on Robotics","32","3","7473889","763","770","7","10.1109/TRO.2016.2562122","https://www.scopus.com/inward/record.uri?eid=2-s2.0-84971378974&doi=10.1109%2fTRO.2016.2562122&partnerID=40&md5=a8caab025eebbd74fa1ca6bfe33ef45c"
"Baum M.; Brock O.","Baum, Manuel (57014299600); Brock, Oliver (6602822080)","57014299600; 6602822080","Achieving robustness by optimizing failure behavior","2017","Proceedings - IEEE International Conference on Robotics and Automation","","","7989681","5806","5811","5","10.1109/ICRA.2017.7989681","https://www.scopus.com/inward/record.uri?eid=2-s2.0-85027990350&doi=10.1109%2fICRA.2017.7989681&partnerID=40&md5=ea1e6fd9c987a402f5be4d2999eed2f4"
"Dermy O.; Charpillet F.; Ivaldi S.","Dermy, Oriane (57191706648); Charpillet, Francois (6603910626); Ivaldi, Serena (26643860200)","57191706648; 6603910626; 26643860200","Multi-modal Intention Prediction with Probabilistic Movement Primitives","2019","Springer Proceedings in Advanced Robotics","7","","","181","196","15","10.1007/978-3-319-89327-3_14","https://www.scopus.com/inward/record.uri?eid=2-s2.0-85107075790&doi=10.1007%2f978-3-319-89327-3_14&partnerID=40&md5=5f8d221a1ebe53eea484944479772790"
"Yang S.-M.; Magnusson M.; Stork J.A.; Stoyanov T.","Yang, Shih-Min (57226130899); Magnusson, Martin (55947199500); Stork, Johannes A. (36464315800); Stoyanov, Todor (6602422245)","57226130899; 55947199500; 36464315800; 6602422245","Learning Extrinsic Dexterity with Parameterized Manipulation Primitives","2024","Proceedings - IEEE International Conference on Robotics and Automation","","","","5404","5410","6","10.1109/ICRA57147.2024.10611431","https://www.scopus.com/inward/record.uri?eid=2-s2.0-85202434994&doi=10.1109%2fICRA57147.2024.10611431&partnerID=40&md5=2f648463623daea95b1505839d0e54b1"
"Kröger T.; Finkemeyer B.; Wahl F.M.","Kröger, Torsten (6602856602); Finkemeyer, Bernd (6507062124); Wahl, Friedrich M. (7006166774)","6602856602; 6507062124; 7006166774","A task frame formalism for practical implementations","2004","Proceedings - IEEE International Conference on Robotics and Automation","2004","5","","5218","5223","5","10.1109/robot.2004.1302546","https://www.scopus.com/inward/record.uri?eid=2-s2.0-3042601144&doi=10.1109%2frobot.2004.1302546&partnerID=40&md5=c8bebea61dce47a762e6257e18b26db6"
"Kornuta T.; Winiarski T.; Zieliński C.","Kornuta, Tomasz (19337532100); Winiarski, Tomasz (15520277600); Zieliński, Cezary (7102986341)","19337532100; 15520277600; 7102986341","Specification of abstract robot skills in terms of control system behaviours","2015","Advances in Intelligent Systems and Computing","351","","","139","152","13","10.1007/978-3-319-15847-1_14","https://www.scopus.com/inward/record.uri?eid=2-s2.0-84924709974&doi=10.1007%2f978-3-319-15847-1_14&partnerID=40&md5=8b9fcce2baad9585799da785e2c27ae6"
"Berscheid L.; Meisner P.; Kroger T.","Berscheid, Lars (56400982100); Meisner, Pascal (54791113900); Kroger, Torsten (6602856602)","56400982100; 54791113900; 6602856602","Learning a Generative Transition Model for Uncertainty-Aware Robotic Manipulation","2021","IEEE International Conference on Intelligent Robots and Systems","","","","4670","4677","7","10.1109/IROS51168.2021.9636623","https://www.scopus.com/inward/record.uri?eid=2-s2.0-85124338958&doi=10.1109%2fIROS51168.2021.9636623&partnerID=40&md5=ded716f809e7a34aa3d704381ef04052"
"Zhou X.; Zhang J.; Yang B.; Ma X.; Fu H.; Cai S.; Bao G.","Zhou, Xuanyi (57190885661); Zhang, Jianhua (57223713086); Yang, Bangchu (57966312500); Ma, Xiaolong (56942660000); Fu, Hao (58843900400); Cai, Shibo (55960159100); Bao, Guanjun (7103074542)","57190885661; 57223713086; 57966312500; 56942660000; 58843900400; 55960159100; 7103074542","A Semi-Autonomous Hierarchical Control Framework for Prosthetic Hands Inspired by Dual Streams of Human","2024","Biomimetics","9","1","62","","","","10.3390/biomimetics9010062","https://www.scopus.com/inward/record.uri?eid=2-s2.0-85183172241&doi=10.3390%2fbiomimetics9010062&partnerID=40&md5=cb3c38d0b1dd14fed9a89d872b676506"
"Wang R.; Mao J.; Hsu J.; Zhao H.; Wu J.; Gao Y.","Wang, Renhao (57861420300); Mao, Jiayuan (57201377790); Hsu, Joy (57221148133); Zhao, Hang (57222479659); Wu, Jiajun (55553991400); Gao, Yang (57190133122)","57861420300; 57201377790; 57221148133; 57222479659; 55553991400; 57190133122","PROGRAMMATICALLY GROUNDED, COMPOSITIONALLY GENERALIZABLE ROBOTIC MANIPULATION","2023","11th International Conference on Learning Representations, ICLR 2023","","","","","","","","https://www.scopus.com/inward/record.uri?eid=2-s2.0-85164154987&partnerID=40&md5=8a937165ec84cb6e151278b7c555b282"
"Gupta M.; Sukhatme G.S.","Gupta, Megha (57199379666); Sukhatme, Gaurav S. (7003730870)","57199379666; 7003730870","Using manipulation primitives for brick sorting in clutter","2012","Proceedings - IEEE International Conference on Robotics and Automation","","","6224787","3883","3889","6","10.1109/ICRA.2012.6224787","https://www.scopus.com/inward/record.uri?eid=2-s2.0-84864483224&doi=10.1109%2fICRA.2012.6224787&partnerID=40&md5=a21e22628a74bf5b7adf17ebe0ee14d4"
"Kohler C.; Platt R.","Kohler, Colin (57218924623); Platt, Robert (7102023517)","57218924623; 7102023517","Visual Foresight with a Local Dynamics Model","2023","Springer Proceedings in Advanced Robotics","27 SPAR","","","67","82","15","10.1007/978-3-031-25555-7_6","https://www.scopus.com/inward/record.uri?eid=2-s2.0-85151062485&doi=10.1007%2f978-3-031-25555-7_6&partnerID=40&md5=bcd2914072eb6c2fc0a6170edad27ea2"
"Ma R.R.; Bircher W.G.; Dollar A.M.","Ma, Raymond R. (54791229500); Bircher, Walter G. (55873432700); Dollar, Aaron M. (8637648600)","54791229500; 55873432700; 8637648600","Toward robust, whole-hand caging manipulation with underactuated hands","2017","Proceedings - IEEE International Conference on Robotics and Automation","","","7989158","1336","1342","6","10.1109/ICRA.2017.7989158","https://www.scopus.com/inward/record.uri?eid=2-s2.0-85028002514&doi=10.1109%2fICRA.2017.7989158&partnerID=40&md5=c00255de3801af2fa2d9fca6bf6e77e3"
"Weidauer I.; Kubus D.; Wahl F.M.","Weidauer, Ingo (35410733600); Kubus, Daniel (16550432300); Wahl, Friedrich M. (7006166774)","35410733600; 16550432300; 7006166774","A hierarchical extension of manipulation primitives and its integration into a robot control architecture","2014","Proceedings - IEEE International Conference on Robotics and Automation","","","6907653","5401","5407","6","10.1109/ICRA.2014.6907653","https://www.scopus.com/inward/record.uri?eid=2-s2.0-84929192107&doi=10.1109%2fICRA.2014.6907653&partnerID=40&md5=0d14e15e441b92f27e5b674830b4bc70"
"Hogan F.R.; Ballester J.; Dong S.; Rodriguez A.","Hogan, Francois R. (56436160400); Ballester, Jose (57219435084); Dong, Siyuan (55990219900); Rodriguez, Alberto (57221838837)","56436160400; 57219435084; 55990219900; 57221838837","Tactile Dexterity: Manipulation Primitives with Tactile Feedback","2020","Proceedings - IEEE International Conference on Robotics and Automation","","","9196976","8863","8869","6","10.1109/ICRA40945.2020.9196976","https://www.scopus.com/inward/record.uri?eid=2-s2.0-85092691513&doi=10.1109%2fICRA40945.2020.9196976&partnerID=40&md5=eb3c1799aa5c074f6a853b1123a22f26"
"Kröger T.; Finkemeyer B.; Wahl F.M.","Kröger, Torsten (6602856602); Finkemeyer, Bernd (6507062124); Wahl, Friedrich M. (7006166774)","6602856602; 6507062124; 7006166774","Manipulation primitives — A universal interface between sensor-based motion control and robot programming","2011","Springer Tracts in Advanced Robotics","67","","","293","313","20","10.1007/978-3-642-16785-0_17","https://www.scopus.com/inward/record.uri?eid=2-s2.0-85030751980&doi=10.1007%2f978-3-642-16785-0_17&partnerID=40&md5=d8ba965efef7aa6765badb41b13e900e"
"Chavan-Dafie N.; Lee K.; Rodriguez A.","Chavan-Dafie, Nikhil (57205426128); Lee, Kyubin (57205426963); Rodriguez, Alberto (57221838837)","57205426128; 57205426963; 57221838837","Pneumatic shape-shifting fingers to reorient and grasp","2018","IEEE International Conference on Automation Science and Engineering","2018-August","","8560472","988","993","5","10.1109/COASE.2018.8560472","https://www.scopus.com/inward/record.uri?eid=2-s2.0-85059977033&doi=10.1109%2fCOASE.2018.8560472&partnerID=40&md5=912799c080b95ca3509bae8300ae3228"
"Suárez-Ruiz F.; Pham Q.-C.","Suárez-Ruiz, Francisco (55555932600); Pham, Quang-Cuong (22938689300)","55555932600; 22938689300","A framework for fine robotic assembly","2016","Proceedings - IEEE International Conference on Robotics and Automation","2016-June","","7487162","421","426","5","10.1109/ICRA.2016.7487162","https://www.scopus.com/inward/record.uri?eid=2-s2.0-84977515798&doi=10.1109%2fICRA.2016.7487162&partnerID=40&md5=afca3d60f210e753ca113e6a7c0a9483"
"Moll M.; Goldberg K.; Erdmann M.A.; Fearing R.","Moll, Mark (15832207500); Goldberg, Ken (35453491100); Erdmann, Michael A. (7102615084); Fearing, Ron (7004262672)","15832207500; 35453491100; 7102615084; 7004262672","Orienting micro-scale parts with squeeze and roll primitives","2002","Proceedings - IEEE International Conference on Robotics and Automation","2","","","1931","1936","5","10.1109/ROBOT.2002.1014823","https://www.scopus.com/inward/record.uri?eid=2-s2.0-0036055526&doi=10.1109%2fROBOT.2002.1014823&partnerID=40&md5=f23f9ddca252630f1c8bf9c80ef8593f"
"Vuong N.; Pham H.; Pham Q.-C.","Vuong, Nghia (55801566000); Pham, Hung (57195421787); Pham, Quang-Cuong (22938689300)","55801566000; 57195421787; 22938689300","Learning Sequences of Manipulation Primitives for Robotic Assembly","2021","Proceedings - IEEE International Conference on Robotics and Automation","2021-May","","","4086","4092","6","10.1109/ICRA48506.2021.9561029","https://www.scopus.com/inward/record.uri?eid=2-s2.0-85125480408&doi=10.1109%2fICRA48506.2021.9561029&partnerID=40&md5=2f32ba662f083d6baa4d5d164c41a531"
"Gold T.; Lomakin A.; Goller T.; Volz A.; Graichen K.","Gold, Tobias (57212930438); Lomakin, Alexander (57219442940); Goller, Tim (57220038432); Volz, Andreas (57188844988); Graichen, Knut (8982088500)","57212930438; 57219442940; 57220038432; 57188844988; 8982088500","Towards a Generic Manipulation Framework for Robots based on Model Predictive Interaction Control","2020","2020 IEEE International Conference on Mechatronics and Automation, ICMA 2020","","","9233628","401","406","5","10.1109/ICMA49215.2020.9233628","https://www.scopus.com/inward/record.uri?eid=2-s2.0-85096591057&doi=10.1109%2fICMA49215.2020.9233628&partnerID=40&md5=1854fdb145b06ef796f7538d9073b7f1"
"Li Z.; Fritsch J.; Wachsmuth S.; Sagerer G.","Li, Zhe (56075437100); Fritsch, Jannik (56252990800); Wachsmuth, Sven (6506127757); Sagerer, Gerhard (7004644220)","56075437100; 56252990800; 6506127757; 7004644220","An object-oriented approach using a top-down and bottom-up process for manipulative action recognition","2006","Lecture Notes in Computer Science (including subseries Lecture Notes in Artificial Intelligence and Lecture Notes in Bioinformatics)","4174 LNCS","","","212","221","9","10.1007/11861898_22","https://www.scopus.com/inward/record.uri?eid=2-s2.0-33750260463&doi=10.1007%2f11861898_22&partnerID=40&md5=a95e9b72d04dbfe255af6d20144adffc"
"Kondo M.; Ueda J.; Ogasawara T.","Kondo, Masahiro (36844243100); Ueda, Jun (35594285800); Ogasawara, Tsukasa (7201579979)","36844243100; 35594285800; 7201579979","Recognition of in-hand manipulation using contact state transition for multifingered robot hand control","2008","Robotics and Autonomous Systems","56","1","","66","81","15","10.1016/j.robot.2007.09.018","https://www.scopus.com/inward/record.uri?eid=2-s2.0-41749084871&doi=10.1016%2fj.robot.2007.09.018&partnerID=40&md5=311e8ebfdb8e05b81663f2d199e8d375"
"Thomas U.; Wahl F.M.","Thomas, Ulrike (7004226574); Wahl, Friedrich M. (7006166774)","7004226574; 7006166774","Assembly planning and task planning — Two prerequisites for automated robot programming","2011","Springer Tracts in Advanced Robotics","67","","","333","354","21","10.1007/978-3-642-16785-0_19","https://www.scopus.com/inward/record.uri?eid=2-s2.0-85030783742&doi=10.1007%2f978-3-642-16785-0_19&partnerID=40&md5=4c7e843e46db195b269e02d6c977da7e"
"Fuentes Olac; Nelson Randal C.","Fuentes, Olac (56240528900); Nelson, Randal C. (55451978200)","56240528900; 55451978200","Learning dextrous manipulation skills using the evolution strategy","1997","Proceedings - IEEE International Conference on Robotics and Automation","1","","","501","506","5","","https://www.scopus.com/inward/record.uri?eid=2-s2.0-0030678886&partnerID=40&md5=8e597441229d1e496d91fc1369683670"
"Huang B.; Zhang X.; Yu J.","Huang, Baichuan (57220980972); Zhang, Xujia (58662369400); Yu, Jingjin (55745955900)","57220980972; 58662369400; 55745955900","Toward Optimal Tabletop Rearrangement with Multiple Manipulation Primitives","2024","Proceedings - IEEE International Conference on Robotics and Automation","","","","10860","10866","6","10.1109/ICRA57147.2024.10610565","https://www.scopus.com/inward/record.uri?eid=2-s2.0-85202433524&doi=10.1109%2fICRA57147.2024.10610565&partnerID=40&md5=95150d772e3ede561355c55d67513402"
"Li T.; Srinivasan K.; Meng M.Q.-H.; Yuan W.; Bohg J.","Li, Tingguang (57202946136); Srinivasan, Krishnan (57207882134); Meng, Max Qing-Hu (7102739136); Yuan, Wenzhen (56423022900); Bohg, Jeannette (35071071500)","57202946136; 57207882134; 7102739136; 56423022900; 35071071500","Learning Hierarchical Control for Robust In-Hand Manipulation","2020","Proceedings - IEEE International Conference on Robotics and Automation","","","9197343","8855","8862","7","10.1109/ICRA40945.2020.9197343","https://www.scopus.com/inward/record.uri?eid=2-s2.0-85092704272&doi=10.1109%2fICRA40945.2020.9197343&partnerID=40&md5=119d3a51fe5a21b028988a443a305b59"
"Braun M.; Wrede S.","Braun, Marco (57219502823); Wrede, Sebastian (6602995929)","57219502823; 6602995929","Grey-Box Learning of Adaptive Manipulation Primitives for Robotic Assembly","2023","Proceedings - IEEE International Conference on Robotics and Automation","2023-May","","","12381","12387","6","10.1109/ICRA48891.2023.10161077","https://www.scopus.com/inward/record.uri?eid=2-s2.0-85168712732&doi=10.1109%2fICRA48891.2023.10161077&partnerID=40&md5=fa015af370748ff513ab3e1e515163b9"
"Rigo A.; Chen Y.; Gupta S.K.; Nguyen Q.","Rigo, Alberto (57218533856); Chen, Yiyu (57204846581); Gupta, Satyandra K. (7407274179); Nguyen, Quan (56819701500)","57218533856; 57204846581; 7407274179; 56819701500","Contact Optimization for Non-Prehensile Loco-Manipulation via Hierarchical Model Predictive Control","2023","Proceedings - IEEE International Conference on Robotics and Automation","2023-May","","","9945","9951","6","10.1109/ICRA48891.2023.10160507","https://www.scopus.com/inward/record.uri?eid=2-s2.0-85168690385&doi=10.1109%2fICRA48891.2023.10160507&partnerID=40&md5=e7de8bef6a839636aed08b5623ed979e"
"Liu H.; Ju Z.; Ji X.; Chan C.S.; Khoury M.","Liu, Honghai (54958434200); Ju, Zhaojie (25655056800); Ji, Xiaofei (16245157100); Chan, Chee Seng (57194450557); Khoury, Mehdi (27368053100)","54958434200; 25655056800; 16245157100; 57194450557; 27368053100","Human hand motion analysis with multisensory information","2017","Studies in Computational Intelligence","675","","","171","191","20","10.1007/978-3-662-53692-6_8","https://www.scopus.com/inward/record.uri?eid=2-s2.0-85019415659&doi=10.1007%2f978-3-662-53692-6_8&partnerID=40&md5=cc66d7c431cfb729cbc451b3fa4ed3c0"
"Garcia-Camacho I.; Longhini A.; Welle M.; Alenyà G.; Kragic D.; Borràs J.","Garcia-Camacho, Irene (57214823516); Longhini, Alberta (57222816249); Welle, Michael (57214826308); Alenyà, Guillem (6508265237); Kragic, Danica (6701873248); Borràs, Júlia (24780683200)","57214823516; 57222816249; 57214826308; 6508265237; 6701873248; 24780683200","Standardization of Cloth Objects and its Relevance in Robotic Manipulation","2024","Proceedings - IEEE International Conference on Robotics and Automation","","","","8298","8304","6","10.1109/ICRA57147.2024.10610630","https://www.scopus.com/inward/record.uri?eid=2-s2.0-85199751950&doi=10.1109%2fICRA57147.2024.10610630&partnerID=40&md5=c6a0fb70e714a6f0584bd698a10a751f"
"Lynch Kevin M.","Lynch, Kevin M. (7202687517)","7202687517","The mechanics of fine manipulation by pushing","1992","Proceedings - IEEE International Conference on Robotics and Automation","3","","","2269","2276","7","","https://www.scopus.com/inward/record.uri?eid=2-s2.0-0026976835&partnerID=40&md5=eb95fb722c90c3f20c95cd4ce4b4a355"
"Pook Polly K.; Ballard Dana H.","Pook, Polly K. (6603423832); Ballard, Dana H. (35809594800)","6603423832; 35809594800","Recognizing teleoperated manipulations","1993","Proceedings - IEEE International Conference on Robotics and Automation","2","","","578","585","7","","https://www.scopus.com/inward/record.uri?eid=2-s2.0-0027166617&partnerID=40&md5=d70b3f0463856ea3502ba60537ccf4cf"
"Finkemeyer B.; Kröger T.; Wahl F.M.","Finkemeyer, Bernd (6507062124); Kröger, Torsten (6602856602); Wahl, Friedrich M. (7006166774)","6507062124; 6602856602; 7006166774","The adaptive selection matrix - A key component for sensor-based control of robotic manipulators","2010","Proceedings - IEEE International Conference on Robotics and Automation","","","5509419","3855","3862","7","10.1109/ROBOT.2010.5509419","https://www.scopus.com/inward/record.uri?eid=2-s2.0-77955807752&doi=10.1109%2fROBOT.2010.5509419&partnerID=40&md5=f2f165fbad5542e10f3eeee0f4e62010"
"Onda H.; Kitagaki K.; Suehiro T.","Onda, Hiromu (7006391806); Kitagaki, Kosei (7003367501); Suehiro, Takashi (7103054254)","7006391806; 7003367501; 7103054254","Manipulation primitive analysis support system of state-based teaching by demonstration in VR - Visualization and simulation of sensory events","2005","Proceedings of the IEEE International Symposium on Assembly and Task Planning","2005","","1511474","206","211","5","10.1109/ISATP.2005.1511474","https://www.scopus.com/inward/record.uri?eid=2-s2.0-33746640138&doi=10.1109%2fISATP.2005.1511474&partnerID=40&md5=ad32600a550c0c5898a3e7216d885147"
"Teeple C.B.; Kim G.R.; Graule M.A.; Wood R.J.","Teeple, Clark B. (57194080109); Kim, Grace R. (57423880700); Graule, Moritz A. (55631145900); Wood, Robert J. (7404053333)","57194080109; 57423880700; 55631145900; 7404053333","An Active Palm Enhances Dexterity of Soft Robotic in-Hand Manipulation","2021","Proceedings - IEEE International Conference on Robotics and Automation","2021-May","","","11790","11796","6","10.1109/ICRA48506.2021.9562049","https://www.scopus.com/inward/record.uri?eid=2-s2.0-85124341658&doi=10.1109%2fICRA48506.2021.9562049&partnerID=40&md5=c3124d08e96a28a8da78bb2358123ebb"
"Kroger T.; Finkemeyer B.; Winkelbach S.; Eble L.-O.; Molkenstruck S.; Wahl F.M.","Kroger, Torsten (6602856602); Finkemeyer, Bernd (6507062124); Winkelbach, Simon (15043199100); Eble, Lars-Oliver (25031329400); Molkenstruck, Sven (23969374200); Wahl, Friedrich M. (7006166774)","6602856602; 6507062124; 15043199100; 25031329400; 23969374200; 7006166774","A manipulator plays Jenga","2008","IEEE Robotics and Automation Magazine","15","3","","79","84","5","10.1109/MRA.2008.921547","https://www.scopus.com/inward/record.uri?eid=2-s2.0-52949139815&doi=10.1109%2fMRA.2008.921547&partnerID=40&md5=9788b2a03de62754bb77640c08adc2e1"
"Borràs J.; Alenyà G.; Torras C.","Borràs, Júlia (24780683200); Alenyà, Guillem (6508265237); Torras, Carme (7003421114)","24780683200; 6508265237; 7003421114","A Grasping-Centered Analysis for Cloth Manipulation","2020","IEEE Transactions on Robotics","36","3","9097275","924","936","12","10.1109/TRO.2020.2986921","https://www.scopus.com/inward/record.uri?eid=2-s2.0-85087085179&doi=10.1109%2fTRO.2020.2986921&partnerID=40&md5=09f36812c516a53997f7c685190f0a89"
"Spangenberg M.; Henrich D.","Spangenberg, Michael (56730719200); Henrich, Dominik (7003604183)","56730719200; 7003604183","Grounding of actions based on verbalized physical effects and manipulation primitives","2015","IEEE International Conference on Intelligent Robots and Systems","2015-December","","7353470","844","851","7","10.1109/IROS.2015.7353470","https://www.scopus.com/inward/record.uri?eid=2-s2.0-84958170628&doi=10.1109%2fIROS.2015.7353470&partnerID=40&md5=2c7e37e96ed313779a554b83759df71e"
"Cruciani S.; Smith C.; Kragic D.; Hang K.","Cruciani, Silvia (57190764719); Smith, Christian (23010495200); Kragic, Danica (6701873248); Hang, Kaiyu (36628309100)","57190764719; 23010495200; 6701873248; 36628309100","Dexterous Manipulation Graphs","2018","IEEE International Conference on Intelligent Robots and Systems","","","8594303","2040","2047","7","10.1109/IROS.2018.8594303","https://www.scopus.com/inward/record.uri?eid=2-s2.0-85062989451&doi=10.1109%2fIROS.2018.8594303&partnerID=40&md5=abc003f0256b190e09f38494aa5e18bc"
"Fuentes Olac; Nelson Randal C.","Fuentes, Olac (56240528900); Nelson, Randal C. (55451978200)","56240528900; 55451978200","Learning dextrous manipulation skills using multisensory information","1996","IEEE International Conference on Multisensor Fusion and Integration for Intelligent Systems","","","","342","348","6","","https://www.scopus.com/inward/record.uri?eid=2-s2.0-0030405618&partnerID=40&md5=86235ae0b8edded3e93d6c34e6a296af"
"Großekathöfer U.; Barchunova A.; Haschke R.; Hermann T.; Franzius M.; Ritter H.","Großekathöfer, Ulf (36622261400); Barchunova, Alexandra (34976205400); Haschke, Robert (8308080100); Hermann, Thomas (7102726744); Franzius, Mathias (56023880900); Ritter, Helge (55964297500)","36622261400; 34976205400; 8308080100; 7102726744; 56023880900; 55964297500","Learning of object manipulation operations from continuous multimodal input","2011","IEEE-RAS International Conference on Humanoid Robots","","","6100880","507","512","5","10.1109/Humanoids.2011.6100880","https://www.scopus.com/inward/record.uri?eid=2-s2.0-84856324816&doi=10.1109%2fHumanoids.2011.6100880&partnerID=40&md5=fbff87ae890c95d164d44f2b9efffee4"
"Bertoncelli F.; Ruggiero F.; Sabattini L.","Bertoncelli, Filippo (57212227312); Ruggiero, Fabio (35106028700); Sabattini, Lorenzo (55210391800)","57212227312; 35106028700; 55210391800","Characterization of Grasp Configurations for Multi-Robot Object Pushing","2021","2021 International Symposium on Multi-Robot and Multi-Agent Systems, MRS 2021","","","","38","46","8","10.1109/MRS50823.2021.9620678","https://www.scopus.com/inward/record.uri?eid=2-s2.0-85123994430&doi=10.1109%2fMRS50823.2021.9620678&partnerID=40&md5=5407f7bc5eb04404d8df0d0a30f31500"
"Doshi N.; Hogan F.R.; Rodriguez A.","Doshi, Neel (56650772900); Hogan, Francois R. (56436160400); Rodriguez, Alberto (57221838837)","56650772900; 56436160400; 57221838837","Hybrid Differential Dynamic Programming for Planar Manipulation Primitives","2020","Proceedings - IEEE International Conference on Robotics and Automation","","","9197414","6759","6765","6","10.1109/ICRA40945.2020.9197414","https://www.scopus.com/inward/record.uri?eid=2-s2.0-85092693367&doi=10.1109%2fICRA40945.2020.9197414&partnerID=40&md5=3fc4d247572b60f756ef4242ef3ca346"
"Ma R.R.; Bircher W.G.; Dollar A.M.","Ma, Raymond R. (54791229500); Bircher, Walter G. (55873432700); Dollar, Aaron M. (8637648600)","54791229500; 55873432700; 8637648600","Modeling and Evaluation of Robust Whole-Hand Caging Manipulation","2019","IEEE Transactions on Robotics","35","3","8626491","549","563","14","10.1109/TRO.2019.2890990","https://www.scopus.com/inward/record.uri?eid=2-s2.0-85067120136&doi=10.1109%2fTRO.2019.2890990&partnerID=40&md5=b07554b217c669d5557b950e61a2176b"
"Almeida D.; Ataer-Cansizoglu E.; Corcodel R.","Almeida, Diogo (57190120794); Ataer-Cansizoglu, Esra (36717505500); Corcodel, Radu (57197771067)","57190120794; 36717505500; 57197771067","Detection, tracking and 3d modeling of objects with sparse rgb-d slam and interactive perception","2019","IEEE-RAS International Conference on Humanoid Robots","2019-October","","9035001","297","304","7","10.1109/Humanoids43949.2019.9035001","https://www.scopus.com/inward/record.uri?eid=2-s2.0-85082700044&doi=10.1109%2fHumanoids43949.2019.9035001&partnerID=40&md5=5efd7497d7e58518477b947d007658cc"
"Berscheid L.; Meifbner P.; Kroger T.","Berscheid, Lars (56400982100); Meifbner, Pascal (57118050900); Kroger, Torsten (6602856602)","56400982100; 57118050900; 6602856602","Robot Learning of Shifting Objects for Grasping in Cluttered Environments","2019","IEEE International Conference on Intelligent Robots and Systems","","","8968042","612","618","6","10.1109/IROS40897.2019.8968042","https://www.scopus.com/inward/record.uri?eid=2-s2.0-85081155762&doi=10.1109%2fIROS40897.2019.8968042&partnerID=40&md5=e3990434f4c845aafd9d6fdb8d217aeb"
"Gold T.; Volz A.; Graichen K.","Gold, Tobias (57212930438); Volz, Andreas (57188844988); Graichen, Knut (8982088500)","57212930438; 57188844988; 8982088500","Model Predictive Interaction Control for Robotic Manipulation Tasks","2023","IEEE Transactions on Robotics","39","1","","76","89","13","10.1109/TRO.2022.3196607","https://www.scopus.com/inward/record.uri?eid=2-s2.0-85137560329&doi=10.1109%2fTRO.2022.3196607&partnerID=40&md5=5d281c3ecc1b34e743b9b0c13f121fd7"
"Woodruff J.Z.; Lynch K.M.","Woodruff, J. Zachary (57117345000); Lynch, Kevin M. (7202687517)","57117345000; 7202687517","Planning and control for dynamic, nonprehensile, and hybrid manipulation tasks","2017","Proceedings - IEEE International Conference on Robotics and Automation","","","7989467","4066","4073","7","10.1109/ICRA.2017.7989467","https://www.scopus.com/inward/record.uri?eid=2-s2.0-85028000839&doi=10.1109%2fICRA.2017.7989467&partnerID=40&md5=1c534e65f5a49b55a6557203bce505e4"
"Farooqi M.A.; Omata T.","Farooqi, Mohammad Asim (6701633955); Omata, Toru (7102973193)","6701633955; 7102973193","Online construction of the manipulation model of an unknown object by a robot hand using the regrasping primitives","2000","Advanced Robotics","14","2","","135","151","16","10.1163/156855300741492","https://www.scopus.com/inward/record.uri?eid=2-s2.0-0346055058&doi=10.1163%2f156855300741492&partnerID=40&md5=b950f67e8a2a69695a8dc4ce456685cf"
"Blanco-Mulero D.; Alcan G.; Abu-Dakka F.J.; Kyrki V.","Blanco-Mulero, David (57225968384); Alcan, Gokhan (57092691600); Abu-Dakka, Fares J. (54882427200); Kyrki, Ville (6603653623)","57225968384; 57092691600; 54882427200; 6603653623","QDP: Learning to Sequentially Optimise Quasi-Static and Dynamic Manipulation Primitives for Robotic Cloth Manipulation","2023","IEEE International Conference on Intelligent Robots and Systems","","","","984","991","7","10.1109/IROS55552.2023.10342002","https://www.scopus.com/inward/record.uri?eid=2-s2.0-85182525917&doi=10.1109%2fIROS55552.2023.10342002&partnerID=40&md5=9ca95faa7ed84b0ffc425e4833bad7dd"
"Liarokapis M.; Dollar A.M.","Liarokapis, Minas (36802202100); Dollar, Aaron M. (8637648600)","36802202100; 8637648600","Deriving dexterous, in-hand manipulation primitives for adaptive robot hands","2017","IEEE International Conference on Intelligent Robots and Systems","2017-September","","8206014","1951","1958","7","10.1109/IROS.2017.8206014","https://www.scopus.com/inward/record.uri?eid=2-s2.0-85041954586&doi=10.1109%2fIROS.2017.8206014&partnerID=40&md5=af53e8eb4942c37c7d520c3209cd861a"
