Publication Type,Authors,Book Authors,Book Editors,Book Group Authors,Author Full Names,Book Author Full Names,Group Authors,Article Title,Source Title,Book Series Title,Book Series Subtitle,Language,Document Type,Conference Title,Conference Date,Conference Location,Conference Sponsor,Conference Host,Author Keywords,Keywords Plus,Abstract,Addresses,Affiliations,Reprint Addresses,Email Addresses,Researcher Ids,ORCIDs,Funding Orgs,Funding Name Preferred,Funding Text,Cited References,Cited Reference Count,"Times Cited, WoS Core","Times Cited, All Databases",180 Day Usage Count,Since 2013 Usage Count,Publisher,Publisher City,Publisher Address,ISSN,eISSN,ISBN,Journal Abbreviation,Journal ISO Abbreviation,Publication Date,Publication Year,Volume,Issue,Part Number,Supplement,Special Issue,Meeting Abstract,Start Page,End Page,Article Number,DOI,DOI Link,Book DOI,Early Access Date,Number of Pages,WoS Categories,Web of Science Index,Research Areas,IDS Number,Pubmed Id,Open Access Designations,Highly Cited Status,Hot Paper Status,Date of Export,UT (Unique WOS ID),Web of Science Record
C,"Rozo, L; Jiménez, P; Torras, C",,"Alquezar, R; Moreno, A; Aguilar, J",,"Rozo, Leonel; Jimenez, Pablo; Torras, Carme",,,Learning Force-Based Robot Skills from Haptic Demonstration,ARTIFICIAL INTELLIGENCE RESEARCH AND DEVELOPMENT,Frontiers in Artificial Intelligence and Applications,,,,13th International Conference of the Catalan-Association-for-Artificial-Intelligence (CCIA),"OCT 20-22, 2010","L Espluga de Francoli, SPAIN","Catalan Assoc Artificial Intelligence (ACIA),Intelligent Technologies Adv Knowledge Acquisit Grp (iTAKA),Univ Rovira i Virgili (URV), Banzai Res Grp Artificial Intelligence,Univ Rovira i Virgili (URV), Banzai Res Grp Artificial Intelligence, Dept Comp Sci & Math,Microart,iSOCO,Univ Rovira i Virgili (URV), Master Seguretat Informatica & Sistemes Intel Ligents,Univ Rovira i Virgili (URV),Univ Rovira i Virgili (URV), Dept Enginyeria, Informatica & Matemaiques,Escola Tecnica Super Enginyeria (ETSE),Gobierno Espana, Ministerio Ciencia & Innovacion,Univ & Recerca, Agencia Gestio Ajuts,TIC Tarragona,Univ Rovira i Virgili (URV), Master Interuniversitari Intel Ligencia Artificial,Univ Barcelona (UB), Master Interuniversitari Intel Ligencia Artificial,UPC, Master Interuniversitari Intel Ligencia Artificial",,,,,,,,,"Rozo, Leonel/HTP-2045-2023; Torras, Carme/M-1794-2014","Torras, Carme/0000-0002-2933-398X",,,,,,,,,,,,,0922-6389,1879-8314,978-1-60750-643-0; 978-1-60750-642-3,,,,2010,220,,,,,,331,340,,10.3233/978-1-60750-643-0-331,http://dx.doi.org/10.3233/978-1-60750-643-0-331,,,,,,,,,,,,,WOS:000321818400033,View Full Record in Web of Science
J,"Xi, B; Wang, R; Cai, YH; Lu, T; Wang, S",,,,"Xi, Bao; Wang, Rui; Cai, Ying-Hao; Lu, Tao; Wang, Shuo",,,A Novel Heterogeneous Actor-critic Algorithm with Recent Emphasizing Replay Memory,INTERNATIONAL JOURNAL OF AUTOMATION AND COMPUTING,,,,,,,,,,,,,,,,,"Xi, Bao/W-9854-2019; wang, shuo/MIT-1662-2025","Cai, Yinghao/0000-0003-3024-2943; wang, shuo/0000-0002-1390-9219",,,,,,,,,,,,,1476-8186,1751-8520,,,,AUG,2021,18,4,,,,,619,631,,10.1007/s11633-021-1296-x,http://dx.doi.org/10.1007/s11633-021-1296-x,,APR 2021,,,,,,,,,,,WOS:000643183100001,View Full Record in Web of Science
J,"Diab, M; Pomarlan, M; Bessler, D; Akbari, A; Rosell, J; Bateman, J; Beetz, M",,,,"Diab, Mohammed; Pomarlan, Mihai; Bessler, Daniel; Akbari, Aliakbar; Rosell, Jan; Bateman, John; Beetz, Michael",,,SkillMaN - A skill-based robotic manipulation framework based on perception and reasoning,ROBOTICS AND AUTONOMOUS SYSTEMS,,,,,,,,,,,,,,,,,"Diab, Mohammed/AAF-6776-2019; Bateman, John/R-5135-2016; Rosell, Jan/K-3613-2014; Diab, Mohammed/Q-6649-2017","Beetz, Michael/0000-0002-7888-7444; Akbari, Ali/0000-0002-5290-9799; Bessler, Daniel/0000-0002-9876-5743; Rosell, Jan/0000-0003-4854-2370; Diab, Mohammed/0000-0002-5743-5190",,,,,,,,,,,,,0921-8890,1872-793X,,,,DEC,2020,134,,,,,,,,103653,10.1016/j.robot.2020.103653,http://dx.doi.org/10.1016/j.robot.2020.103653,,,,,,,,,,,,,WOS:000586017500009,View Full Record in Web of Science
B,"Karigiannis, JN; Rekatsinas, T; Tzafestas, CS",,"Cutsuridis, V; Hussain, A; Taylor, JG",,"Karigiannis, John N.; Rekatsinas, Theodoros; Tzafestas, Costas S.",,,Developmental Learning of Cooperative Robot Skills: A Hierarchical Multi-Agent Architecture,"PERCEPTION-ACTION CYCLE: MODELS, ARCHITECTURES, AND HARDWARE",Springer Series in Cognitive and Neural Systems,,,,,,,,,,,,,,,,"Tzafestas, Costas/Q-8230-2019; Karigiannis, John/AAE-4779-2020","Rekatsinas, Theodoros/0000-0001-6148-1854",,,,,,,,,,,,,,,978-1-4419-1451-4,,,,2011,1,,,,,,497,538,,10.1007/978-1-4419-1452-1_16,http://dx.doi.org/10.1007/978-1-4419-1452-1_16,10.1007/978-1-4419-1452-1,,,,,,,,,,,,WOS:000288343100016,View Full Record in Web of Science
J,"Liu, ZZ; Fang, YC",,,,"Liu, Zezhi; Fang, Yongchun",,,A Novel DMPs Framework for Robot Skill Generalizing With Obstacle Avoidance: Taking Volume and Orientation Into Consideration,IEEE-ASME TRANSACTIONS ON MECHATRONICS,,,,,,,,,,,,,,,,,,"Liu, Zezhi/0009-0000-2422-8497",,,,,,,,,,,,,1083-4435,1941-014X,,,,2025 JAN 17,2025,,,,,,,,,,10.1109/TMECH.2024.3524207,http://dx.doi.org/10.1109/TMECH.2024.3524207,,JAN 2025,,,,,,,,,,,WOS:001400128000001,View Full Record in Web of Science
C,"Koiwai, K; Liao, Y; Yamamoto, T; Nanjo, T; Yamazaki, Y; Fujimoto, Y",,"Jia, Y; Ito, T; Lee, JJ; Sugisaka, M",,"Koiwai, Kazushige; Liao, Yuntao; Yamamoto, Toru; Nanjo, Takao; Yamazaki, Yoichiro; Fujimoto, Yoshiaki",,,A Consideration on Feature Extraction for Operation Skill Based on Control Engineering Approach,PROCEEDINGS OF THE 2016 INTERNATIONAL CONFERENCE ON ARTIFICIAL LIFE AND ROBOTICS (ICAROB 2016),,,,,International Conference on Artificial Life and Robotics (ICAROB),"JAN 29-31, 2016","Okinawa, JAPAN","ALife Robot Corp Ltd,Int Conf Artificial Life & Robot, Int Steering Comm,IEEE Fukuoka Sect,IEEE Robot & Automat Soc,Chinese Assoc Artificial Intelligence",,,,,,,,,,,,,,,,,,,,,,,,,978-4-9908350-1-9,,,,2016,,,,,,,389,392,,,,,,,,,,,,,,,,WOS:000400192600090,View Full Record in Web of Science
C,"Wang, Y; Han, XQ; Liu, Z; Luo, DS; Wu, XH",,,IEEE,"Wang, Yi; Han, Xiaoqiang; Liu, Zhan; Luo, Dingsheng; Wu, Xihong",,,Modelling Inter-Task Relations to Transfer Robot Skills with Three-way RBMs,2015 IEEE INTERNATIONAL CONFERENCE ON MECHATRONICS AND AUTOMATION,,,,,IEEE International Conference on Mechatronics & Automation,"AUG 02-05, 2015","Beijing, PEOPLES R CHINA","Beijing Inst Tech,Tianjian Univ Technol,HIT,Robot Soc Japan,JSME,SICE,UEC,CAA,Chinese Mech Engn Soc,CIE Life Elect Soc",,,,,,,,,,,,,,,,,,,,,,,,,978-1-4799-7098-8,,,,2015,,,,,,,1276,1282,,,,,,,,,,,,,,,,WOS:000380447600224,View Full Record in Web of Science
J,"Fu, JY; Jin, ZH; Liu, AD; Zhang, WA; Yu, L",,,,"Fu, Jiayun; Jin, Zhehao; Liu, Andong; Zhang, Wen-An; Yu, Li",,,Non-parametric Gaussian process movement primitive with via-point constraint for effective and safe robot skill learning,NEUROCOMPUTING,,,,,,,,,,,,,,,,,"Jin, Zhehao/HOA-7661-2023","Jin, Zhehao/0000-0002-0871-9779; Fu, Jiayun/0009-0007-4824-007X",,,,,,,,,,,,,0925-2312,1872-8286,,,,JUL 7,2024,589,,,,,,,,127711,10.1016/j.neucom.2024.127711,http://dx.doi.org/10.1016/j.neucom.2024.127711,,APR 2024,,,,,,,,,,,WOS:001220965300002,View Full Record in Web of Science
C,"Pantano, M; Eiband, T; Lee, D",,,IEEE,"Pantano, Matteo; Eiband, Thomas; Lee, Dongheui",,,Capability-based Frameworks for Industrial Robot Skills: a Survey,2022 IEEE 18TH INTERNATIONAL CONFERENCE ON AUTOMATION SCIENCE AND ENGINEERING (CASE),IEEE International Conference on Automation Science and Engineering,,,,IEEE 18th International Conference on Automation Science and Engineering (IEEE CASE),"AUG 20-24, 2022","Mexico City, MEXICO",IEEE,,,,,,,,,,"Pantano, Matteo/0000-0002-5420-0038",,,,,,,,,,,,,2161-8070,,978-1-6654-9042-9,,,,2022,,,,,,,2355,2362,,10.1109/CASE49997.2022.9926648,http://dx.doi.org/10.1109/CASE49997.2022.9926648,,,,,,,,,,,,,WOS:000927622400273,View Full Record in Web of Science
C,"Maeda, Y; Ushioda, T",,"Lee, S; Suarez, R; Choi, BW",,"Maeda, Yusuke; Ushioda, Tatsuya",,,Modeling of Two-Fingered Pivoting Skill Based on CPG,FRONTIERS OF ASSEMBLY AND MANUFACTURING,,,,,8th IEEE International Symposium on Assembly and Manufacturing (ISAM),"NOV 17-20, 2009","Seoul, SOUTH KOREA","IEEE Robotics & Automat Soc,Inst Control Robot & Syst,Korea Inst Ind Technol,Korean Soc Precis Engn,Korean Robot Soc,Korean Soc CAD/CAM Engn",,,,,,,,,"Maeda, Yusuke/E-2233-2011","Maeda, Yusuke/0000-0002-9654-6117",,,,,,,,,,,,,,,978-3-642-14115-7,,,,2010,,,,,,,85,95,,10.1007/978-3-642-14116-4_7,http://dx.doi.org/10.1007/978-3-642-14116-4_7,,,,,,,,,,,,,WOS:000395046700007,View Full Record in Web of Science
J,"Jin, ZH; Qin, DD; Liu, AD; Zhang, WA; Yu, L",,,,"Jin, Zhehao; Qin, Dongdong; Liu, Andong; Zhang, Wen-An; Yu, Li",,,"Learning neural-shaped quadratic Lyapunov function for stable, accurate and generalizable human-robot skills transfer",ROBOTICS AND COMPUTER-INTEGRATED MANUFACTURING,,,,,,,,,,,,,,,,,"Yu, Li/H-2783-2012; Jin, Zhehao/HOA-7661-2023; QIN, DONGDONG/LSK-7858-2024","Qin, Dongdong/0000-0003-1120-3092",,,,,,,,,,,,,0736-5845,1879-2537,,,,AUG,2023,82,,,,,,,,102526,10.1016/j.rcim.2023.102526,http://dx.doi.org/10.1016/j.rcim.2023.102526,,JAN 2023,,,,,,,,,,,WOS:000923858500001,View Full Record in Web of Science
C,"Shankar, T; Lin, YX; Rajeswaran, A; Kumar, V; Anderson, S; Oh, J",,"Chaudhuri, K; Jegelka, S; Song, L; Szepesvari, C; Niu, G; Sabato, S",,"Shankar, Tanmay; Lin, Yixin; Rajeswaran, Aravind; Kumar, Vikash; Anderson, Stuart; Oh, Jean",,,Translating Robot Skills: Learning Unsupervised Skill Correspondences Across Robots,"INTERNATIONAL CONFERENCE ON MACHINE LEARNING, VOL 162",Proceedings of Machine Learning Research,,,,39th International Conference on Machine Learning (ICML),"JUL 17-23, 2022","Baltimore, MD",,,,,,,,,,,,,,,,,,,,,,,,2640-3498,,,,,,2022,,,,,,,19626,19644,,,,,,,,,,,,,,,,WOS:000900130200030,View Full Record in Web of Science
C,"Frasca, T; Oosterveld, B; Chita-Tegmark, M; Scheutz, M",,,Assoc Advancement Artificial Intelligence,"Frasca, Tyler; Oosterveld, Bradley; Chita-Tegmark, Meia; Scheutz, Matthias",,,Enabling Fast Instruction-Based Modification of Learned Robot Skills,"THIRTY-FIFTH AAAI CONFERENCE ON ARTIFICIAL INTELLIGENCE, THIRTY-THIRD CONFERENCE ON INNOVATIVE APPLICATIONS OF ARTIFICIAL INTELLIGENCE AND THE ELEVENTH SYMPOSIUM ON EDUCATIONAL ADVANCES IN ARTIFICIAL INTELLIGENCE",AAAI Conference on Artificial Intelligence,,,,35th AAAI Conference on Artificial Intelligence / 33rd Conference on Innovative Applications of Artificial Intelligence / 11th Symposium on Educational Advances in Artificial Intelligence,"FEB 02-09, 2021",ELECTR NETWORK,Assoc Advancement Artificial Intelligence,,,,,,,,,"Chita-Tegmark, Meia/H-4125-2019","Oosterveld, Bradley/0000-0002-1053-8248; Scheutz, Matthias/0000-0002-0064-2789",,,,,,,,,,,,,2159-5399,2374-3468,978-1-57735-866-4,,,,2021,35,,,,,,6075,6083,,,,,,,,,,,,,,,,WOS:000680423506021,View Full Record in Web of Science
C,"Origanti, VK; Eiband, T; Lee, D",,"Kim, J; Englot, B; Park, HW; Choi, HL; Myung, H; Kim, J; Kim, JH",,"Origanti, Vamsi Krishna; Eiband, Thomas; Lee, Dongheui",,,Automatic Parameterization of Motion and Force Controlled Robot Skills,ROBOT INTELLIGENCE TECHNOLOGY AND APPLICATIONS 6,Lecture Notes in Networks and Systems,,,,9th International Conference on Robot Intelligence Technology and Applications (RiTA),"DEC 16-17, 2021","KAIST, Daejeon, SOUTH KOREA",,KAIST,,,,,,,,,,,,,,,,,,,,,,2367-3370,2367-3389,978-3-030-97672-9; 978-3-030-97671-2,,,,2022,429,,,,,,66,78,,10.1007/978-3-030-97672-9_7,http://dx.doi.org/10.1007/978-3-030-97672-9_7,,,,,,,,,,,,,WOS:000787765900007,View Full Record in Web of Science
C,"Rivera-Calderón, S; Pérez-San Lázaro, R; Vazquez-Hurtado, C",,"Kallel, I; Kammoun, HM; Akkari, A; Hsairi, L",,"Rivera-Calderon, Samantha; Perez-San Lazaro, Rafael; Vazquez-Hurtado, Carlos",,,Online assessment of computer vision and robotics skills based on a digital twin,PROCEEDINGS OF THE 2022 IEEE GLOBAL ENGINEERING EDUCATION CONFERENCE (EDUCON 2022),IEEE Global Engineering Education Conference,,,,13th IEEE Global Engineering Education Conference (IEEE EDUCON),"MAR 28-31, 2022","Gammarth, TUNISIA","IEEE,IEEE Educ Soc,IEEE Tunisia Sect Educ Chapter,IEEE Reg 8",,,,,,,,,"Pérez San Lázaro, Rafael Alberto/HMP-7218-2023",,,,,,,,,,,,,,2165-9567,,978-1-6654-4434-7,,,,2022,,,,,,,1994,2001,,10.1109/EDUCON52537.2022.9766459,http://dx.doi.org/10.1109/EDUCON52537.2022.9766459,,,,,,,,,,,,,WOS:000836390500292,View Full Record in Web of Science
C,"Morgan, AS; Nandha, D; Chalvatzaki, G; D'Eramo, C; Dollar, AM; Peters, J",,,IEEE,"Morgan, Andrew S.; Nandha, Daljeet; Chalvatzaki, Georgia; D'Eramo, Carlo; Dollar, Aaron M.; Peters, Jan",,,Model Predictive Actor-Critic: Accelerating Robot Skill Acquisition with Deep Reinforcement Learning,2021 IEEE INTERNATIONAL CONFERENCE ON ROBOTICS AND AUTOMATION (ICRA 2021),IEEE International Conference on Robotics and Automation ICRA,,,,IEEE International Conference on Robotics and Automation (ICRA),"MAY 30-JUN 05, 2021","Xian, PEOPLES R CHINA","IEEE,IEEE Robot & Automat Soc,So Univ Sci & Technol,Harbin Inst Technol,Xian Jiaotong Univ,Univ Toronto,Nat Sci & Engn Res Council Canada,Chinese Univ Hong Kong,DJI,Biomimet Intelligence & Robot,Toyota Res Inst,Baidu,Mech Mind Robot Technologies,Facebook AI,Nokov,Manycore,Franka Emika,Zhejiang Univ, Huzhou Inst,Jing Tian,ATI Ind Automat,Amber,Direct Drive Tech,Inceptio,Flexiv,Deeproute AI,Unitree,Waymo,Kuka,Pudu Robot,Deep Robot,Nvidia,MathWorks",,,,,,,,,"Chalvatzaki, Georgia/HTT-4855-2023","D'Eramo, Carlo/0000-0003-2712-118X; Dollar, Aaron/0000-0002-2409-4668",,,,,,,,,,,,,1050-4729,2577-087X,978-1-7281-9077-8,,,,2021,,,,,,,6672,6678,,10.1109/ICRA48506.2021.9561298,http://dx.doi.org/10.1109/ICRA48506.2021.9561298,,,,,,,,,,,,,WOS:000771405400003,View Full Record in Web of Science
C,"Oztop, E; Lin, LH; Kawato, M; Cheng, G",,,IEEE,"Oztop, Erhan; Lin, Li-Heng; Kawato, Mitsuo; Cheng, Gordon",,,Extensive human training for robot skill synthesis: Validation on a robotic hand,"PROCEEDINGS OF THE 2007 IEEE INTERNATIONAL CONFERENCE ON ROBOTICS AND AUTOMATION, VOLS 1-10",IEEE International Conference on Robotics and Automation ICRA,,,,IEEE International Conference on Robotics and Automation,"APR 10-14, 2007","Rome, ITALY",IEEE,,,,,,,,,"Cheng, Gordon/AAH-3554-2020; Oztop, Erhan/K-8111-2012","Cheng, Gordon/0000-0003-0770-8717; Oztop, Erhan/0000-0002-3051-6038",,,,,,,,,,,,,1050-4729,,978-1-4244-0601-2,,,,2007,,,,,,,1788,+,,10.1109/ROBOT.2007.363581,http://dx.doi.org/10.1109/ROBOT.2007.363581,,,,,,,,,,,,,WOS:000250915301126,View Full Record in Web of Science
J,"Daxwanger, W; Schmidt, G",,,,"Daxwanger, W; Schmidt, G",,,Skill-based vehicle guidance by use of artificial neural networks,MATHEMATICS AND COMPUTERS IN SIMULATION,,,,,,,,,,,,,,,,,,,,,,,,,,,,,,,0378-4754,,,,,JUL,1996,41,3-4,,,,,263,271,,10.1016/0378-4754(95)00076-3,http://dx.doi.org/10.1016/0378-4754(95)00076-3,,,,,,,,,,,,,WOS:A1996UW30700008,View Full Record in Web of Science
C,"Chen, WS; Ma, YS; Kong, LH; He, W",,,IEEE,"Chen, Wenshi; Ma, Yinsong; Kong, Linghuan; He, Wei",,,Learning and Executing Primitive Skills Based on Adaptive Control,2020 35TH YOUTH ACADEMIC ANNUAL CONFERENCE OF CHINESE ASSOCIATION OF AUTOMATION (YAC),,,,,35th Youth Academic Annual Conference of Chinese-Association-of-Automation (YAC),"OCT 16-18, 2020","Zhanjiang, PEOPLES R CHINA","Chinese Assoc Automat,IEEE,IEEE Syst Man & Cybernet Soc",,,,,,,,,"He, Wei/K-4900-2019; Kong, Linghuan/AAE-8497-2019",,,,,,,,,,,,,,,,978-1-7281-7684-0,,,,2020,,,,,,,13,17,,10.1109/YAC51587.2020.9337683,http://dx.doi.org/10.1109/YAC51587.2020.9337683,,,,,,,,,,,,,WOS:000659281900003,View Full Record in Web of Science
J,"Dong, JL; Si, WY; Yang, CG",,,,"Dong, Jiale; Si, Weiyong; Yang, Chenguang",,,A novel human-robot skill transfer method for contact-rich manipulation task,ROBOTIC INTELLIGENCE AND AUTOMATION,,,,,,,,,,,,,,,,,"Yang, Chenguang/ABE-7755-2020; SI, WEIYONG/KIB-2268-2024","Si, Weiyong/0000-0003-4531-2596; Yang, Chenguang/0000-0001-5255-5559",,,,,,,,,,,,,2754-6969,2754-6977,,,,JUN 23,2023,43,3,,,,,327,337,,10.1108/RIA-01-2023-0002,http://dx.doi.org/10.1108/RIA-01-2023-0002,,JUN 2023,,,,,,,,,,,WOS:001000766300001,View Full Record in Web of Science
C,"Albore, A; Doose, D; Grand, C; Lesire, C; Manecy, A",,,IEEE COMP SOC,"Albore, Alexandre; Doose, David; Grand, Christophe; Lesire, Charles; Manecy, Augustin",,,Skill-Based Architecture Development for Online Mission Reconfiguration and Failure Management,2021 IEEE/ACM 3RD INTERNATIONAL WORKSHOP ON ROBOTICS SOFTWARE ENGINEERING (ROSE 2021),,,,,3rd IEEE/ACM International Workshop on Robotics Software Engineering (RoSE),"JUN 02, 2021",ELECTR NETWORK,"IEEE,Assoc Comp Machinery,IEEE Comp Soc",,,,,,,,,,"Grand, Christophe/0000-0002-2310-8757",,,,,,,,,,,,,,,978-1-6654-4474-3,,,,2021,,,,,,,47,54,,10.1109/RoSE52553.2021.00015,http://dx.doi.org/10.1109/RoSE52553.2021.00015,,,,,,,,,,,,,WOS:000852891100007,View Full Record in Web of Science
J,"Enayati, N; Ferrigno, G; De Momi, E",,,,"Enayati, Nima; Ferrigno, Giancarlo; De Momi, Elena",,,Skill-based human-robot cooperation in tele-operated path tracking,AUTONOMOUS ROBOTS,,,,,,,,,,,,,,,,,"Ferrigno, Giancarlo/JBJ-7692-2023; DE MOMI, ELENA/D-7375-2016","DE MOMI, ELENA/0000-0002-8819-2734",,,,,,,,,,,,,0929-5593,1573-7527,,,,JUN,2018,42,5,,,SI,,997,1009,,10.1007/s10514-017-9675-4,http://dx.doi.org/10.1007/s10514-017-9675-4,,,,,,,,,,,,,WOS:000431669800004,View Full Record in Web of Science
J,"Patel, SR; Hedican, SP; Bishoff, JT; Shichman, SJ; Link, RE; Wolf, JS; Nakada, SY",,,,"Patel, Sutchin R.; Hedican, Sean P.; Bishoff, Jay T.; Shichman, Steven J.; Link, Richard E.; Wolf, J. Stuart, Jr.; Nakada, Stephen Y.",,,Skill Based Mentored Laparoscopy Course Participation Leads to Laparoscopic Practice Expansion and Assists in Transition to Robotic Surgery,JOURNAL OF UROLOGY,,,,,,,,,,,,,,,,,,,,,,,,,,,,,,,0022-5347,,,,,NOV,2011,186,5,,,,,1997,2000,,10.1016/j.juro.2011.07.007,http://dx.doi.org/10.1016/j.juro.2011.07.007,,,,,,,,21944138,,,,,WOS:000296022200087,View Full Record in Web of Science
C,"Sanches, F; Gao, G; Elangovan, N; Godoy, RV; Chapman, J; Wang, K; Jarvis, P; Liarokapis, M",,,IEEE,"Sanches, Felipe; Gao, Geng; Elangovan, Nathan; Godoy, Ricardo V.; Chapman, Jayden; Wang, Ke; Jarvis, Patrick; Liarokapis, Minas",,,"Scalable, Intuitive Human to Robot Skill Transfer with Wearable Human Machine Interfaces: On Complex, Dexterous Tasks",2023 IEEE/RSJ INTERNATIONAL CONFERENCE ON INTELLIGENT ROBOTS AND SYSTEMS (IROS),IEEE International Conference on Intelligent Robots and Systems,,,,IEEE/RSJ International Conference on Intelligent Robots and Systems (IROS),"OCT 01-05, 2023","Detroit, MI","IEEE,RSJ",,,,,,,,,"Vilela de Godoy, Ricardo/GLT-9558-2022; Liarokapis, Minas/E-1990-2015",,,,,,,,,,,,,,2153-0858,,978-1-6654-9190-7,,,,2023,,,,,,,6318,6325,,10.1109/IROS55552.2023.10341661,http://dx.doi.org/10.1109/IROS55552.2023.10341661,,,,,,,,,,,,,WOS:001136907800126,View Full Record in Web of Science
C,"Tabrez, A; Kawell, J; Hayes, B",,,IEEE,"Tabrez, Aaquib; Kawell, Jack; Hayes, Bradley",,,Asking the Right Questions: Facilitating Semantic Constraint Specification for Robot Skill Learning and Repair,2021 IEEE/RSJ INTERNATIONAL CONFERENCE ON INTELLIGENT ROBOTS AND SYSTEMS (IROS),IEEE International Conference on Intelligent Robots and Systems,,,,IEEE/RSJ International Conference on Intelligent Robots and Systems (IROS),"SEP 27-OCT 01, 2021",ELECTR NETWORK,"IEEE,RSJ",,,,,,,,,"Tabrez, Aaquib/JHT-2001-2023",,,,,,,,,,,,,,2153-0858,,978-1-6654-1714-3,,,,2021,,,,,,,6217,6224,,10.1109/IROS51168.2021.9636375,http://dx.doi.org/10.1109/IROS51168.2021.9636375,,,,,,,,,,,,,WOS:000755125505003,View Full Record in Web of Science
J,"Cedazo, R; Cena, CEG; Al-Hadithi, BM",,,,"Cedazo, Raquel; Garcia Cena, Cecilia E.; Mohammed Al-Hadithi, Basil",,,A friendly online C compiler to improve programming skills based on student self-assessment,COMPUTER APPLICATIONS IN ENGINEERING EDUCATION,,,,,,,,,,,,,,,,,"Cena, Cecilia/JCE-3625-2023; AL-HADITHI, BASIL MOHAMMED/P-8195-2017; Cedazo, Raquel/Y-8752-2019","Garcia Cena, Cecilia Elisabet/0000-0002-1067-0564; AL-HADITHI, BASIL MOHAMMED/0000-0002-8786-5511; Cedazo, Raquel/0000-0002-4361-4331",,,,,,,,,,,,,1061-3773,1099-0542,,,,NOV,2015,23,6,,,,,887,896,,10.1002/cae.21660,http://dx.doi.org/10.1002/cae.21660,,,,,,,,,,,,,WOS:000365597100009,View Full Record in Web of Science
C,"Okada, Y; Seo, C; Miyakawa, S; Taniguchi, M; Kanosue, K; Ogata, H; Ohya, J",,,IEEE,"Okada, Yushi; Seo, Chanjin; Miyakawa, Shunichi; Taniguchi, Motofumi; Kanosue, Kazuyuki; Ogata, Hiroyuki; Ohya, Jun",,,Virtual Ski Training System that Allows Beginners to Acquire Ski Skills Based on Physical and Visual Feedbacks,"2023 IEEE/RSJ INTERNATIONAL CONFERENCE ON INTELLIGENT ROBOTS AND SYSTEMS, IROS",IEEE International Conference on Intelligent Robots and Systems,,,,IEEE/RSJ International Conference on Intelligent Robots and Systems (IROS),"OCT 01-05, 2023","Detroit, MI","IEEE,RSJ",,,,,,,,,,,,,,,,,,,,,,,2153-0858,,978-1-6654-9190-7,,,,2023,,,,,,,1268,1275,,10.1109/IROS55552.2023.10342020,http://dx.doi.org/10.1109/IROS55552.2023.10342020,,,,,,,,,,,,,WOS:001133658800131,View Full Record in Web of Science
J,"Guo, SX; Wang, YX; Zhao, Y; Cui, JX; Ma, YC; Mao, GS; Hong, SM",,,,"Guo, Shuxiang; Wang, Yuxin; Zhao, Yan; Cui, Jinxin; Ma, Youchun; Mao, Gengsheng; Hong, Shunming",,,A Surgeon's Operating Skills-Based Non-Interference Operation Detection Method for Novel Vascular Interventional Surgery Robot Systems,IEEE SENSORS JOURNAL,,,,,,,,,,,,,,,,,"Zhao, Yan/ADM-0964-2022","Yan, Zhao/0000-0003-2248-5507; hong, shunming/0000-0003-1482-8012; Guo, Shuxiang/0000-0002-0607-9798",,,,,,,,,,,,,1530-437X,1558-1748,,,,APR 1,2020,20,7,,,,,3879,3891,,10.1109/JSEN.2019.2960926,http://dx.doi.org/10.1109/JSEN.2019.2960926,,,,,,,,,,,,,WOS:000524351800052,View Full Record in Web of Science
C,"Li, BY; Lu, T; Li, XC; Cai, YH; Wang, S",,,IEEE,"Li, Boyao; Lu, Tao; Li, Xiaocan; Cai, Yinghao; Wang, Shuo",,,An Automatic Robot Skills Learning System from Robot's Real-World Demonstrations,PROCEEDINGS OF THE 2019 31ST CHINESE CONTROL AND DECISION CONFERENCE (CCDC 2019),Chinese Control and Decision Conference,,,,31st Chinese Control And Decision Conference (CCDC),"JUN 03-05, 2019","Nanchang, PEOPLES R CHINA","NE Univ, State Key Lab Synthet Automat Proc Ind,Tech Comm Control & Decis Cyber Phys Syst,Chinese Assoc Automat, Tech Comm Control Theory,E China Jiaotong Univ,IEEE Control Syst Soc",,,,,,,,,,,,,,,,,,,,,,,1948-9439,,978-1-7281-0105-7,,,,2019,,,,,,,5138,5142,,,,,,,,,,,,,,,,WOS:000555859005069,View Full Record in Web of Science
C,"Eiband, T; Lee, D",,,IEEE,"Eiband, Thomas; Lee, Dongheui",,,Identification of Common Force-based Robot Skills from the Human and Robot Perspective,PROCEEDINGS OF THE 2020 IEEE-RAS 20TH INTERNATIONAL CONFERENCE ON HUMANOID ROBOTS (HUMANOIDS 2020),IEEE-RAS International Conference on Humanoid Robots,,,,20th IEEE-RAS International Conference on Humanoid Robots (HUMANOIDS),"JUL 19-21, 2021",ELECTR NETWORK,"IEEE,IEEE Robot & Automat Soc",,,,,,,,,,,,,,,,,,,,,,,2164-0572,,978-1-7281-9372-4,,,,2021,,,,,,,507,513,,10.1109/HUMANOIDS47582.2021.9555681,http://dx.doi.org/10.1109/HUMANOIDS47582.2021.9555681,,,,,,,,,,,,,WOS:000728400200056,View Full Record in Web of Science
J,"Smith, R; Patel, V; Satava, R",,,,"Smith, Roger; Patel, Vipul; Satava, Richard",,,Fundamentals of robotic surgery: a course of basic robotic surgery skills based upon a 14-society consensus template of outcomes measures and curriculum development,INTERNATIONAL JOURNAL OF MEDICAL ROBOTICS AND COMPUTER ASSISTED SURGERY,,,,,,,,,,,,,,,,,,,,,,,,,,,,,,,1478-5951,1478-596X,,,,SEP,2014,10,3,,,,,379,384,,10.1002/rcs.1559,http://dx.doi.org/10.1002/rcs.1559,,,,,,,,24277315,,,,,WOS:000342800500015,View Full Record in Web of Science
C,"Liu, HZ; Yang, CG; Dai, SL",,"Liu, XJ; Nie, Z; Yu, J; Xie, F; Song, R",,"Liu, Hanzhong; Yang, Chenguang; Dai, Shi-Lu",,,A Human-Like Learning Framework of Robot Interaction Skills Based on Environmental Dynamics,"INTELLIGENT ROBOTICS AND APPLICATIONS, ICIRA 2021, PT IV",Lecture Notes in Artificial Intelligence,,,,14th International Conference on Intelligent Robotics and Applications (ICIRA),"OCT 22-25, 2021","Yantai, PEOPLES R CHINA","Tsinghua Univ,Beihang Univ,Shandong Univ,YEDA,Yantai Univ,IFToMM China",,,,,,,,,"Yang, Chenguang/AAJ-2509-2020","Yang, Chenguang/0000-0001-5255-5559",,,,,,,,,,,,,0302-9743,1611-3349,978-3-030-89092-6; 978-3-030-89091-9,,,,2021,13016,,,,,,606,616,,10.1007/978-3-030-89092-6_55,http://dx.doi.org/10.1007/978-3-030-89092-6_55,,,,,,,,,,,,,WOS:000722273400055,View Full Record in Web of Science
C,"Yetkin, BN; Ulutas, BH",,,,"Yetkin, Busra Nur; Ulutas, Berna Haktanirlar",,,A Skill-Based MILP Model in Cellular Manufacturing Systems with Human-Robot Collaboration,IFAC PAPERSONLINE,,,,,"10th IFAC Triennial Conference on Manufacturing Modelling, Management and Control (MIM)","JUN 22-24, 2022","Nantes, FRANCE","Int Federat Automat Control, Tech Comm 5 2 Management & Control Mfg & Logist,Int Federat Automat Control, Tech Comm 1 3 Discrete Event & Hybrid Syst,Int Federat Automat Control, Tech Comm 3 2 Computat Intelligence Control,Int Federat Automat Control, Tech Comm 5 1 Mfg Plant Control,Int Federat Automat Control, Tech Comm 7 4 Transportat Syst,Int Federat Automat Control, Tech Comm 9 1 Econ, Business, & Financial Syst",,,,,,,,,,,,,,,,,,,,,,,2405-8963,,,,,OCT,2022,55,10,,,,,1728,1733,,10.1016/j.ifacol.2022.09.647,http://dx.doi.org/10.1016/j.ifacol.2022.09.647,,OCT 2022,,,,,,,,,,,WOS:000881681700289,View Full Record in Web of Science
J,"Deng, Z; Guan, HJ; Huang, R; Liang, HZ; Zhang, LW; Zhang, JW",,,,"Deng, Zhen; Guan, Haojun; Huang, Rui; Liang, Hongzhuo; Zhang, Liwei; Zhang, Jianwei",,,Combining Model-Based Q-Learning With Structural Knowledge Transfer for Robot Skill Learning,IEEE TRANSACTIONS ON COGNITIVE AND DEVELOPMENTAL SYSTEMS,,,,,,,,,,,,,,,,,,,,,,,,,,,,,,,2379-8920,2379-8939,,,,MAR,2019,11,1,,,,,26,35,,10.1109/TCDS.2017.2718938,http://dx.doi.org/10.1109/TCDS.2017.2718938,,,,,,,,,,,,,WOS:000461254800003,View Full Record in Web of Science
C,"Jhunjhunwala, P; Atmojo, UD; Vyatkin, V",,,IEEE,"Jhunjhunwala, Pranay; Atmojo, Udayanto Dwi; Vyatkin, Valeriy",,,Applying Skill-based Engineering using OPC-UA in Production System with a Digital Twin,PROCEEDINGS OF 2021 IEEE 30TH INTERNATIONAL SYMPOSIUM ON INDUSTRIAL ELECTRONICS (ISIE),Proceedings of the IEEE International Symposium on Industrial Electronics,,,,30th IEEE International Symposium on Industrial Electronics (ISIE),"JUN 20-23, 2021","Kyoto, JAPAN",IEEE,,,,,,,,,"Atmojo, Udayanto/F-3495-2011",,,,,,,,,,,,,,2163-5137,,978-1-7281-9023-5,,,,2021,,,,,,,,,,10.1109/ISIE45552.2021.9576342,http://dx.doi.org/10.1109/ISIE45552.2021.9576342,,,,,,,,,,,,,WOS:000779299900152,View Full Record in Web of Science
C,"Akkaladevi, SC; Plasch, M; Chitturi, NC; Hofmann, M; Pichler, A",,"Vosniakos, GC; Pellicciari, M; Benardos, P; Markopoulos, A",,"Akkaladevi, Sharath Chandra; Plasch, Matthias; Chitturi, Naresh Chowdhary; Hofmann, Michael; Pichler, Andreas",,,Programming by Interactive Demonstration for a Human Robot Collaborative Assembly,30TH INTERNATIONAL CONFERENCE ON FLEXIBLE AUTOMATION AND INTELLIGENT MANUFACTURING (FAIM2021),Procedia Manufacturing,,,,30th International Conference on Flexible Automation and Intelligent Manufacturing (FAIM),"JUN 15-18, 2021","Natl Tech Univ Athens, Sch Mech Engn, Athens, GREECE",,"Natl Tech Univ Athens, Sch Mech Engn",,,,,,,,,"Akkaladevi, Sharath Chandra/0000-0001-9105-6269; Pichler, Andreas/0000-0003-4312-2369",,,,,,,,,,,,,2351-9789,,,,,,2020,51,,,,,,148,155,,10.1016/j.promfg.2020.10.022,http://dx.doi.org/10.1016/j.promfg.2020.10.022,,,,,,,,,,,,,WOS:000863680700021,View Full Record in Web of Science
C,"Chu, XY; Tang, YX; Kwok, LH; Cai, YP; Au, KWS",,"Ang, MH; Khatib, O",,"Chu, Xiangyu; Tang, Yunxi; Kwok, Lam Him; Cai, Yuanpei; Au, Kwok Wai Samuel",,,Bootstrapping Robotic Skill Learning with Intuitive Teleoperation: Initial Feasibility Study,"EXPERIMENTAL ROBOTICS, ISER 2023",Springer Proceedings in Advanced Robotics,,,,18th International Conference on Experimental Robotics (ISER),"NOV 26-30, 2023","Chiangmai, THAILAND",Int Fdn Robot Res,,,,,,,,,"ola, oli/KMX-9666-2024",,,,,,,,,,,,,,2511-1256,2511-1264,978-3-031-63598-4; 978-3-031-63596-0; 978-3-031-63595-3,,,,2024,30,,,,,,42,52,,10.1007/978-3-031-63596-0_5,http://dx.doi.org/10.1007/978-3-031-63596-0_5,,,,,,,,,,,,,WOS:001313100800005,View Full Record in Web of Science
J,"Jiang, JG; Huang, ZY; Bi, ZM; Ma, XF; Yu, G",,,,"Jiang, Jingang; Huang, Zhiyuan; Bi, Zhuming; Ma, Xuefeng; Yu, Guang",,,State-of-the-Art control strategies for robotic PiH assembly,ROBOTICS AND COMPUTER-INTEGRATED MANUFACTURING,,,,,,,,,,,,,,,,,"Huang, Zhiyuan/AAS-4940-2020; Bi, Zhuming/AAA-3088-2019; Jiang, Jin-gang/V-7917-2019",,,,,,,,,,,,,,0736-5845,1879-2537,,,,OCT,2020,65,,,,,,,,101894,10.1016/j.rcim.2019.101894,http://dx.doi.org/10.1016/j.rcim.2019.101894,,,,,,,,,,,,,WOS:000541878200009,View Full Record in Web of Science
J,"Wang, Z; Garretti, CR; Kaelbling, LP; Lozano-Pérez, T",,,,"Wang, Zi; Garretti, Caelan Reed; Kaelbling, Leslie Pack; Lozano-Perez, Tomas",,,Learning compositional models of robot skills for task and motion planning,INTERNATIONAL JOURNAL OF ROBOTICS RESEARCH,,,,,,,,,,,,,,,,,,"/0000-0001-6054-7145; Lozano-Perez, Tomas/0000-0002-8657-2450; Garrett, Caelan/0000-0002-6474-1276",,,,,,,,,,,,,0278-3649,1741-3176,,,,JUN,2021,40,6-7,,,,,866,894,,10.1177/02783649211004615,http://dx.doi.org/10.1177/02783649211004615,,,,,,,,,,,,,WOS:000648638600003,View Full Record in Web of Science
C,"Stenmark, M; Malec, J",,"Jaeger, M; Nielsen, TD; Viappiani, P",,"Stenmark, Maj; Malec, Jacek",,,Knowledge-Based Industrial Robotics,TWELFTH SCANDINAVIAN CONFERENCE ON ARTIFICIAL INTELLIGENCE (SCAI 2013),Frontiers in Artificial Intelligence and Applications,,,,12th Scandinavian Conference on Artificial Intelligence (SCAI),"NOV 20-22, 2013","Aalborg, DENMARK","Otto Monsteds Fond,Dezide ApS,Hugin Expert A S,Verdande Technol AS",,,,,,,,,"Malec, Jacek/K-7740-2015","Malec, Jacek/0000-0002-2121-1937",,,,,,,,,,,,,0922-6389,1879-8314,978-1-61499-330-8; 978-1-61499-329-2,,,,2013,257,,,,,,265,274,,10.3233/978-1-61499-330-8-265,http://dx.doi.org/10.3233/978-1-61499-330-8-265,,,,,,,,,,,,,WOS:000343477100028,View Full Record in Web of Science
C,"Kyrarini, M; Naeem, S; Wang, XC; Gräser, A",,,IEEE,"Kyrarini, Maria; Naeem, Sameer; Wang, Xingchen; Graser, Axel",,,Skill Robot Library: Intelligent Path Planning Framework for Object Manipulation,2017 25TH EUROPEAN SIGNAL PROCESSING CONFERENCE (EUSIPCO),European Signal Processing Conference,,,,25th European Signal Processing Conference (EUSIPCO),"AUG 28-SEP 02, 2017",GREECE,"European Assoc Signal Proc,IEEE Signal Proc Soc,Inst Commun & Comp Syst,Natl Tech Univ Athens,Plaisio,Mitsubishi Electr Res Lab,MathWorks,Blue Star Ferries,Moto Island Bicycle Rentals",,,,,,,,,"Kyrarini, Maria/AAE-2453-2019; Graeser, Axel/GWQ-7634-2022","Kyrarini, Maria/0000-0003-0968-2477",,,,,,,,,,,,,2076-1465,,978-0-9928-6267-1,,,,2017,,,,,,,2398,2402,,,,,,,,,,,,,,,,WOS:000426986000484,View Full Record in Web of Science
J,"Wu, HM; Yan, W; Xu, ZH; Li, S; Zhou, XF",,,,"Wu, Hongmin; Yan, Wu; Xu, Zhihao; Li, Shuai; Zhou, Xuefeng",,,Learning robot anomaly recovery skills from multiple time-driven demonstrations,NEUROCOMPUTING,,,,,,,,,,,,,,,,,"Li, Shuai/ABD-5132-2021","Li, Shuai (Steven)/0009-0004-4499-0023",,,,,,,,,,,,,0925-2312,1872-8286,,,,NOV 13,2021,464,,,,,,522,532,,10.1016/j.neucom.2021.08.036,http://dx.doi.org/10.1016/j.neucom.2021.08.036,,SEP 2021,,,,,,,,,,,WOS:000701814500008,View Full Record in Web of Science
C,"Sun, NC; Yang, EF; Corney, J; Chen, Y; Ma, ZL",,"Ma, X",,"Sun, Nico; Yang, Erfu; Corney, Jonathan; Chen, Yi; Ma, Zeli",,,A review of high-level robot functionality for elderly care,2018 24TH IEEE INTERNATIONAL CONFERENCE ON AUTOMATION AND COMPUTING (ICAC' 18),,,,,24th IEEE International Conference on Automation and Computing (ICAC) - Improving Productivity through Automation and Computing Newcastle,"SEP 06-07, 2018","Newcastle Univ, Newcastle upon Tyne, ENGLAND","IEEE,Chinese Automat & Comp Soc,Int Journal Automat & Comp,Hebei Univ Technol",Newcastle Univ,,,,,,,,"Yang, Erfu/N-2673-2016","Yang, Erfu/0000-0003-1813-5950; Corney, Jonathan/0000-0003-1210-3827",,,,,,,,,,,,,,,978-1-86220-342-6,,,,2018,,,,,,,68,73,,,,,,,,,,,,,,,,WOS:000491276900012,View Full Record in Web of Science
J,"Hu, K; Zhang, JW; Wu, D",,,,"Hu, Kui; Zhang, Jiwen; Wu, Dan",,,Kernelized gradient descent method for learning from demonstration,NEUROCOMPUTING,,,,,,,,,,,,,,,,,"Hu, Kui/JYP-2855-2024",,,,,,,,,,,,,,0925-2312,1872-8286,,,,NOV 14,2023,558,,,,,,,,126781,10.1016/j.neucom.2023.126781,http://dx.doi.org/10.1016/j.neucom.2023.126781,,SEP 2023,,,,,,,,,,,WOS:001081418600001,View Full Record in Web of Science
J,"Ti, BY; Gao, YS; Shi, M; Zhao, J",,,,"Ti, Boyang; Gao, Yongsheng; Shi, Ming; Zhao, Jie",,,Generalization of orientation trajectories and force-torque profiles for learning human assembly skill,ROBOTICS AND COMPUTER-INTEGRATED MANUFACTURING,,,,,,,,,,,,,,,,,,"Ti, Boyang/0000-0002-0303-8317",,,,,,,,,,,,,0736-5845,1879-2537,,,,AUG,2022,76,,,,,,,,102325,10.1016/j.rcim.2022.102325,http://dx.doi.org/10.1016/j.rcim.2022.102325,,FEB 2022,,,,,,,,,,,WOS:000791334600002,View Full Record in Web of Science
C,"Medina, GC; Guiochet, J; Lesire, C; Manecy, A",,,Assoc Comp Machinery,"Medina, Gabriela Catalan; Guiochet, Jeremie; Lesire, Charles; Manecy, Augustin",,,A skill fault model for autonomous systems,4TH INTERNATIONAL WORKSHOP ON ROBOTICS SOFTWARE ENGINEERING (ROSE 2022),,,,,4th IEEE/ACM International Workshop on Robotics Software Engineering (RoSE),"MAY09, 2022",ELECTR NETWORK,"IEEE,Assoc Comp Machinery",,,,,,,,,"GUIOCHET, Jeremie/AAE-3333-2020",,,,,,,,,,,,,,,,978-1-4503-9317-1,,,,2022,,,,,,,55,62,,10.1145/3526071.3527513,http://dx.doi.org/10.1145/3526071.3527513,,,,,,,,,,,,,WOS:000850577000009,View Full Record in Web of Science
J,"Outón, JL; Ibarguren, A; Villaverde, I; Sallé, D; Martínez-Otzeta, JM; Rodríguez, I; Sierra, B",,,,"Outon, Jose-Luis; Ibarguren, Aitor; Villaverde, Ivan; Salle, Damien; Martinez-Otzeta, Jose-Maria; Rodriguez, Igor; Sierra, Basilio",,,Robotic solution for opening doors in contained or high biological risk facilities,DYNA,,,,,,,,,,,,,,,,,"Sierra, Basilio/AAX-9544-2020; Outón Méndez, Jose Luis/AFF-6092-2022; Martinez-Otzeta, Jose Maria/K-6464-2014; Villaverde, Ivan/D-6146-2013; Sierra, Basilio/L-3160-2014","SALLE, Damien/0000-0002-5933-2419; Martinez-Otzeta, Jose Maria/0000-0001-5015-1315; Ibarguren, Aitor/0000-0002-1601-3645; Outon Mendez, Jose Luis/0000-0001-8268-4562; Villaverde, Ivan/0000-0001-6119-8987; Sierra, Basilio/0000-0001-8062-9332",,,,,,,,,,,,,0012-7361,1989-1490,,,,SEP-OCT,2023,98,5,,,,,487,491,,10.6036/10745,http://dx.doi.org/10.6036/10745,,,,,,,,,,,,,WOS:001105129400011,View Full Record in Web of Science
J,"Röhler, M; Berg, J; Reinhart, G",,,,"Roehler, Marcus; Berg, Julia; Reinhart, Gunther",,,Automatic configuration of autonomous robot systems Making reinforcement learning industrially applicable,ATP MAGAZINE,,,,,,,,,,,,,,,,,,,,,,,,,,,,,,,2190-4111,2364-3137,,,,,2020,,5,,,,,54,61,,,,,,,,,,,,,,,,WOS:000538179700023,View Full Record in Web of Science
C,"Wuthier, D; Rovida, F; Fumagalli, M; Kruger, V",,,IEEE,"Wuthier, D.; Rovida, F.; Fumagalli, M.; Krueger, V",,,Productive Multitasking for Industrial Robots,2021 IEEE INTERNATIONAL CONFERENCE ON ROBOTICS AND AUTOMATION (ICRA 2021),IEEE International Conference on Robotics and Automation ICRA,,,,IEEE International Conference on Robotics and Automation (ICRA),"MAY 30-JUN 05, 2021","Xian, PEOPLES R CHINA","IEEE,IEEE Robot & Automat Soc,So Univ Sci & Technol,Harbin Inst Technol,Xian Jiaotong Univ,Univ Toronto,Nat Sci & Engn Res Council Canada,Chinese Univ Hong Kong,DJI,Biomimet Intelligence & Robot,Toyota Res Inst,Baidu,Mech Mind Robot Technologies,Facebook AI,Nokov,Manycore,Franka Emika,Zhejiang Univ, Huzhou Inst,Jing Tian,ATI Ind Automat,Amber,Direct Drive Tech,Inceptio,Flexiv,Deeproute AI,Unitree,Waymo,Kuka,Pudu Robot,Deep Robot,Nvidia,MathWorks",,,,,,,,,,"Kruger, Volker/0000-0002-8836-8816",,,,,,,,,,,,,1050-4729,2577-087X,978-1-7281-9077-8,,,,2021,,,,,,,12654,12661,,10.1109/ICRA48506.2021.9561266,http://dx.doi.org/10.1109/ICRA48506.2021.9561266,,,,,,,,,,,,,WOS:000771405404078,View Full Record in Web of Science
J,"Antero, U; Blanco, F; Oñativia, J; Sallé, D; Sierra, B",,,,"Antero, Unai; Blanco, Francisco; Onativia, Jon; Salle, Damien; Sierra, Basilio",,,Harnessing the Power of Large Language Models for Automated Code Generation and Verification,ROBOTICS,,,,,,,,,,,,,,,,,"Sierra, Basilio/AAX-9544-2020; Sierra, Basilio/L-3160-2014","Onativia, Jon/0000-0002-8363-1355; Sierra, Basilio/0000-0001-8062-9332; SALLE, Damien/0000-0002-5933-2419; Antero, Unai/0000-0003-1203-6759",,,,,,,,,,,,,,2218-6581,,,,SEP,2024,13,9,,,,,,,137,10.3390/robotics13090137,http://dx.doi.org/10.3390/robotics13090137,,,,,,,,,,,,,WOS:001323207400001,View Full Record in Web of Science
J,"Krueger, V; Chazoule, A; Crosby, M; Lasnier, A; Pedersen, MR; Rovida, F; Nalpantidis, L; Petrick, R; Toscano, C; Veiga, G",,,,"Krueger, Volker; Chazoule, Arnaud; Crosby, Matthew; Lasnier, Antoine; Pedersen, Mikkel Rath; Rovida, Francesco; Nalpantidis, Lazaros; Petrick, Ronald; Toscano, Cesar; Veiga, Germano",,,A Vertical and Cyber-Physical Integration of Cognitive Robots in Manufacturing,PROCEEDINGS OF THE IEEE,,,,,,,,,,,,,,,,,"Veiga, Germano/AAC-4922-2019; Nalpantidis, Lazaros/J-1803-2012; Pedersen, Mikkel Rath/J-2395-2012; Veiga, Germano/D-1288-2012","Pedersen, Mikkel Rath/0000-0003-3026-7315; Nalpantidis, Lazaros/0000-0002-3620-4123; Petrick, Ron/0000-0002-3386-9568; Crosby, Matthew/0000-0001-7606-7533; Toscano, Cesar/0000-0002-6056-6917; Kruger, Volker/0000-0002-8836-8816; Veiga, Germano/0000-0003-3044-6938",,,,,,,,,,,,,0018-9219,1558-2256,,,,MAY,2016,104,5,,,SI,,1114,1127,,10.1109/JPROC.2016.2521731,http://dx.doi.org/10.1109/JPROC.2016.2521731,,,,,,,,,,,,,WOS:000374864600018,View Full Record in Web of Science
C,"Mohtasib, A; Ghalamzan, EA; Bellotto, N; Cuayáhuitl, H",,,IEEE,"Mohtasib, Abdalkarim; Ghalamzan, Amir E.; Bellotto, Nicola; Cuayahuitl, Heriberto",,,Neural Task Success Classifiers for Robotic Manipulation from Few Real Demonstrations,2021 INTERNATIONAL JOINT CONFERENCE ON NEURAL NETWORKS (IJCNN),IEEE International Joint Conference on Neural Networks (IJCNN),,,,International Joint Conference on Neural Networks (IJCNN),"JUL 18-22, 2021",ELECTR NETWORK,"Int Neural Network Soc,IEEE Computat Intelligence Soc",,,,,,,,,"Ghalamzan-E, Amir/HIR-8945-2022; Bellotto, Nicola/ISB-8764-2023","Bellotto, Nicola/0000-0001-7950-9608; Ghalamzan Esfahani, Amir M./0000-0003-4589-0185",,,,,,,,,,,,,2161-4393,,978-0-7381-3366-9,,,,2021,,,,,,,,,,10.1109/IJCNN52387.2021.9534141,http://dx.doi.org/10.1109/IJCNN52387.2021.9534141,,,,,,,,,,,,,WOS:000722581706093,View Full Record in Web of Science
J,"Geng, T; Lee, M; Hülse, M",,,,"Geng, Tao; Lee, Mark; Huelse, Martin",,,Transferring human grasping synergies to a robot,MECHATRONICS,,,,,,,,,,,,,,,,,,,,,,,,,,,,,,,0957-4158,,,,,FEB,2011,21,1,,,,,272,284,,10.1016/j.mechatronics.2010.11.003,http://dx.doi.org/10.1016/j.mechatronics.2010.11.003,,,,,,,,,,,,,WOS:000287548100027,View Full Record in Web of Science
C,"Daxwanger, WA; Schmidt, GK",,"Kocijan, J; Karba, R",,"Daxwanger, WA; Schmidt, GK",,,Neural and fuzzy approaches to vision-based parking control,ARTIFICIAL INTELLIGENCE IN REAL-TIME CONTROL 1995 (AIRTC'95),IFAC WORKSHOP SERIES,,,,IFAC Workshop on Artificial Intelligence in Real-Time Control,"NOV 29-DEC 01, 1995","BLED, SLOVENIA","Int Federat Automat Control,Int Assoc Math & Comp Simulat,Automat Control Soc Slovenia,IFAC, Tech Comm Artificial Intelligence Real Time Control,Univ Ljubljana, Fac Elect & Comp Engn,Jozef Stefan Inst",,,,,,,,,,,,,,,,,,,,,,,,,0-08-042600-X,,,,1996,,,,,,,277,282,,,,,,,,,,,,,,,,WOS:A1996BG16Y00041,View Full Record in Web of Science
C,"Ochoa, H; Cortesao, R",,,IEEE,"Ochoa, Helio; Cortesao, Rui",,,Control Architecture for Robotic-Assisted Polishing Tasks Based on Human Skills,45TH ANNUAL CONFERENCE OF THE IEEE INDUSTRIAL ELECTRONICS SOCIETY (IECON 2019),IEEE Industrial Electronics Society,,,,45th Annual Conference of the IEEE Industrial Electronics Society (IECON),"OCT 14-17, 2019","Lisbon, PORTUGAL","IEEE,Univ Nova Lisboa,IEEE Ind Elect Soc",,,,,,,,,"Cortesao, Rui/Y-5620-2019","Ochoa, Helio/0000-0001-8731-5926",,,,,,,,,,,,,1553-572X,,978-1-7281-4878-6,,,,2019,,,,,,,630,637,,,,,,,,,,,,,,,,WOS:000522050600098,View Full Record in Web of Science
J,"Stenmark, M; Malec, J",,,,"Stenmark, Maj; Malec, Jacek",,,Knowledge-based instruction of manipulation tasks for industrial robotics,ROBOTICS AND COMPUTER-INTEGRATED MANUFACTURING,,,,,,,,,,,,,,,,,"Malec, Jacek/K-7740-2015","Malec, Jacek/0000-0002-2121-1937",,,,,,,,,,,,,0736-5845,1879-2537,,,,JUN,2015,33,,,,SI,,56,67,,10.1016/j.rcim.2014.07.004,http://dx.doi.org/10.1016/j.rcim.2014.07.004,,,,,,,,,,,,,WOS:000349725400007,View Full Record in Web of Science
J,"Aviles-Viñas, JF; Lopez-Juarez, I; Rios-Cabrera, R",,,,"Aviles-Vinas, J. F.; Lopez-Juarez, I.; Rios-Cabrera, R.",,,Acquisition of welding skills in industrial robots,INDUSTRIAL ROBOT-AN INTERNATIONAL JOURNAL,,,,,,,,,,,,,,,,,"Aviles, Jaime/AAS-9598-2021; Lopez-Juarez, Ismael/E-7088-2011","Lopez-Juarez, Ismael/0000-0001-6405-5519; aviles, jaime/0000-0002-4992-2992",,,,,,,,,,,,,0143-991X,1758-5791,,,,,2015,42,2,,,,,156,166,,10.1108/IR-09-2014-0395,http://dx.doi.org/10.1108/IR-09-2014-0395,,,,,,,,,,,,,WOS:000351283100009,View Full Record in Web of Science
C,"Shi, B; Cai, HY; Gao, H; Ou, YS; Wang, DG",,,IEEE,"Shi, Bao; Cai, Haiyang; Gao, Hui; Ou, Yongsheng; Wang, Degang",,,The Robot's Understanding of Classification Concepts Based on Large Language Model,"2024 IEEE INTERNATIONAL CONFERENCE ON ADVANCED ROBOTICS AND ITS SOCIAL IMPACTS, ARSO",IEEE Workshop on Advanced Robotics and its Social Impacts,,,,International Conference on Advanced Robotics and Its Social Impacts (ARSO),"MAY 20-22, 2024","Hong Kong, PEOPLES R CHINA",IEEE,,,,,,,,,,"Shi, Bao/0000-0002-4719-1647",,,,,,,,,,,,,2162-7568,,979-8-3503-4464-6; 979-8-3503-4463-9,,,,2024,,,,,,,122,127,,10.1109/ARSO60199.2024.10557816,http://dx.doi.org/10.1109/ARSO60199.2024.10557816,,,,,,,,,,,,,WOS:001259196000026,View Full Record in Web of Science
C,"Egido, V; Barber, R; Boada, MJL; Salichs, MA",,,IEEE; IEEE; IEEE,"Egido, V; Barber, R; Boada, MJL; Salichs, MA",,,Self-generation by a mobile robot of topological maps of corridors,"2002 IEEE INTERNATIONAL CONFERENCE ON ROBOTICS AND AUTOMATION, VOLS I-IV, PROCEEDINGS",,,,,19th IEEE International Conference on Robotics and Automation (ICRA),"MAY 11-15, 2002","WASHINGTON, DC",IEEE Robot & Automat Soc,,,,,,,,,"Egido, Verónica/GYD-7400-2022; BOADA, MARIA JESUS L./B-9206-2008; Barber, Ramon/L-6669-2014","BOADA, MARIA JESUS L./0000-0001-5377-0023; Egido-Garcia, Veronica/0000-0002-6311-3139; Barber, Ramon/0000-0003-2800-2457",,,,,,,,,,,,,,,0-7803-7272-7,,,,2002,,,,,,,2662,2667,,,,,,,,,,,,,,,,WOS:000178573200420,View Full Record in Web of Science
J,"Higashimori, M; Utsumi, K; Omoto, Y; Kaneko, M",,,,"Higashimori, Mitsuru; Utsumi, Keisuke; Omoto, Yasutaka; Kaneko, Makoto",,,Dynamic Manipulation Inspired by the Handling of a Pizza Peel,IEEE TRANSACTIONS ON ROBOTICS,,,,,IEEE International Conference on Robotics and Automation,"MAY 19-23, 2008","Pasadena, CA",IEEE,,,,,,,,,,,,,,,,,,,,,,,1552-3098,1941-0468,,,,AUG,2009,25,4,,,,,829,838,,10.1109/TRO.2009.2017085,http://dx.doi.org/10.1109/TRO.2009.2017085,,,,,,,,,,,,,WOS:000268757400007,View Full Record in Web of Science
J,"Ding, GW; Zang, XZ; Zhang, XH; Li, CL; Zhu, YH; Zhao, J",,,,"Ding, Guanwen; Zang, Xizhe; Zhang, Xuehe; Li, Changle; Zhu, Yanhe; Zhao, Jie",,,Robot Task-Constrained Optimization and Adaptation with Probabilistic Movement Primitives,BIOMIMETICS,,,,,,,,,,,,,,,,,"Li, Changle/HKO-4258-2023; zhu, yanhe/Q-1936-2015","Zhang, Xuehe/0000-0001-8138-2802; zhu, yanhe/0000-0002-1960-6278; Ding, Guanwen/0000-0002-3400-3037",,,,,,,,,,,,,,2313-7673,,,,DEC,2024,9,12,,,,,,,738,10.3390/biomimetics9120738,http://dx.doi.org/10.3390/biomimetics9120738,,,,,,,,39727742,,,,,WOS:001387720900001,View Full Record in Web of Science
J,"Giberti, H; Abbattista, T; Carnevale, M; Giagu, L; Cristini, F",,,,"Giberti, Hermes; Abbattista, Tommaso; Carnevale, Marco; Giagu, Luca; Cristini, Fabio",,,A Methodology for Flexible Implementation of Collaborative Robots in Smart Manufacturing Systems,ROBOTICS,,,,,,,,,,,,,,,,,"Carnevale, Marco/ADW-0835-2022; Giberti, Hermes/N-2601-2015","Carnevale, Marco/0000-0001-6044-8323; Giberti, Hermes/0000-0001-8840-8497",,,,,,,,,,,,,,2218-6581,,,,FEB,2022,11,1,,,,,,,9,10.3390/robotics11010009,http://dx.doi.org/10.3390/robotics11010009,,,,,,,,,,,,,WOS:000765091300001,View Full Record in Web of Science
J,"Wu, HT; Li, H; Fang, X; Luo, XC",,,,"Wu, Haitao; Li, Heng; Fang, Xin; Luo, Xiaochun",,,A survey on teaching workplace skills to construction robots,EXPERT SYSTEMS WITH APPLICATIONS,,,,,,,,,,,,,,,,,"LUO, Xiaochun/AAX-7943-2020; FANG, Xin/LUZ-7292-2024; WU, Haitao/AHD-8951-2022; Li, Heng/B-2821-2015","Li, Heng/0000-0002-3187-9041; FANG, Xin/0000-0002-7274-8195; Luo, Xiaochun/0000-0002-2497-848X; Wu, Haitao/0000-0002-4804-3806",,,,,,,,,,,,,0957-4174,1873-6793,,,,NOV 1,2022,205,,,,,,,,117658,10.1016/j.eswa.2022.117658,http://dx.doi.org/10.1016/j.eswa.2022.117658,,JUN 2022,,,,,,,,,,,WOS:000819312000002,View Full Record in Web of Science
J,"Pahic, R; Ridge, B; Gams, A; Morimoto, J; Ude, A",,,,"Pahic, Rok; Ridge, Barry; Gams, Andrej; Morimoto, Jun; Ude, Ales",,,Training of deep neural networks for the generation of dynamic movement primitives,NEURAL NETWORKS,,,,,,,,,,,,,,,,,"Ude, Aleš/ABB-7839-2020; Ridge, Barry/KGK-3581-2024","Ude, Ales/0000-0003-3677-3972; Pahic, Rok/0000-0003-0985-9439; Ridge, Barry/0000-0002-7240-8182; Gams, Andrej/0000-0002-9803-3593",,,,,,,,,,,,,0893-6080,1879-2782,,,,JUL,2020,127,,,,,,121,131,,10.1016/j.neunet.2020.04.010,http://dx.doi.org/10.1016/j.neunet.2020.04.010,,,,,,,,32339807,,,,,WOS:000536453100012,View Full Record in Web of Science
C,"Sukarman, F; Kita, E",,,Assoc Computing Machinery,"Sukarman, Firdaus; Kita, Eisuke",,,Grammatical Evolution based Controller Design for Vehicle Robot Action Learning,"PROCEEDINGS OF 2023 9TH INTERNATIONAL CONFERENCE ON ROBOTICS AND ARTIFICIAL INTELLIGENCE, ICRAI 2023",,,,,9th International Conference on Robotics and Artificial Intelligence (ICRAI),"NOV 17-19, 2023","Singapore, SINGAPORE",,,,,,,,,,"Sukarman, Firdaus/KBD-1006-2024; Kita, Eisuke/M-4907-2014","Kita, Eisuke/0000-0002-7502-7529; Sukarman, Firdaus/0000-0003-2272-7967",,,,,,,,,,,,,,,979-8-4007-0828-2,,,,2023,,,,,,,45,48,,10.1145/3637843.3637850,http://dx.doi.org/10.1145/3637843.3637850,,,,,,,,,,,,,WOS:001179866900007,View Full Record in Web of Science
C,"Yamada, T; Tanaka, A; Mouri, T; Yamada, M; Funahashi, Y; Yamamoto, H",,"Guo, S; Fukuda, T; Yo, Y; Yu, H",,"Yamada, Takayoshi; Tanaka, Akira; Mouri, Tetsuya; Yamada, Manabu; Funahashi, Yasuyuki; Yamamoto, Hidehiko",,,Experimental Verification of Estimated Parameters of Contact Conditions by Active Force Sensing,"2009 IEEE INTERNATIONAL CONFERENCE ON MECHATRONICS AND AUTOMATION, VOLS 1-7, CONFERENCE PROCEEDINGS",,,,,IEEE International Conference on Mechatronics and Automation,"AUG 09-12, 2009","Changchum, PEOPLES R CHINA","IEEE,IEEE Robot & Automat Soc,Changsha Univ Sci & Technol,Kagawa Univ,Natl Nat Sci Fdn China,Chinese Assoc Automat,Robot Soc Japan,Japan Soc Mech Engn,Japan Soc Precis Engn,Soc Instrument & Control Engineers,Harbin Engn Univ,Univ Elect Commun,Univ Elect Sci & Technol China,Beijing Univ Technol,Jilin Univ,Kagoshima Univ,Harbin Inst Technol,Assoc Young Sci &Technol",,,,,,,,,,,,,,,,,,,,,,,,,978-1-4244-2692-8,,,,2009,,,,,,,3674,+,,10.1109/ICMA.2009.5246552,http://dx.doi.org/10.1109/ICMA.2009.5246552,,,,,,,,,,,,,WOS:000280158102005,View Full Record in Web of Science
J,"Abdolmaleki, A; Lau, N; Reis, LP; Peters, J; Neumann, G",,,,"Abdolmaleki, Abbas; Lau, Nuno; Reis, Luis Paulo; Peters, Jan; Neumann, Gerhard",,,Contextual Policy Search for Linear and Nonlinear Generalization of a Humanoid Walking Controller,JOURNAL OF INTELLIGENT & ROBOTIC SYSTEMS,,,,,,,,,,,,,,,,,"Reis, Luis/C-5751-2008; Peters, Jan/D-5068-2009; Reis, Luis Paulo/M-3202-2013; Lau, Nuno/E-5934-2010","Reis, Luis Paulo/0000-0002-4709-1718; Neumann, Gerhard/0000-0002-5483-4225; Lau, Nuno/0000-0003-0513-158X",,,,,,,,,,,,,0921-0296,1573-0409,,,,SEP,2016,83,3-4,,,SI,,393,408,,10.1007/s10846-016-0347-y,http://dx.doi.org/10.1007/s10846-016-0347-y,,,,,,,,,,,,,WOS:000386366000006,View Full Record in Web of Science
C,"Yamada, T; Mouri, T; Shimosaka, K; Mimura, N; Funahashi, Y",,,IEEE,"Yamada, Takayoshi; Mouri, Tetsuya; Shimosaka, Kyouhei; Mimura, Nobuharu; Funahashi, Yasuyuki",,,Uncertainty of Estimated Parameters of Contact Conditions by Active Force Sensing,"2008 IEEE INTERNATIONAL CONFERENCE ON ROBOTICS AND BIOMIMETICS, VOLS 1-4",,,,,IEEE International Conference on Robotics and Biomimetics (ROBIO),"FEB 22-25, 2009","Bangkok, THAILAND",IEEE Robot & Automat Soc,,,,,,,,,,,,,,,,,,,,,,,,,978-1-4244-2678-2,,,,2009,,,,,,,1291,+,,10.1109/ROBIO.2009.4913186,http://dx.doi.org/10.1109/ROBIO.2009.4913186,,,,,,,,,,,,,WOS:000271966900217,View Full Record in Web of Science
J,"Zörrer, H; Weichhart, G; Tonis, MS; Bieg, T; Propst, M; Schuster, D; Sturm, N; Nativel, C; Salomon, G; Strohmeier, F; Sackl, A; Eberle, M; Pichler, A",,,,"Zoerrer, Helmut; Weichhart, Georg; Tonis, Mathias Schmoigl; Bieg, Till; Propst, Matthias; Schuster, Dominik; Sturm, Nadine; Nativel, Chloe; Salomon, Gabriele; Strohmeier, Felix; Sackl, Andreas; Eberle, Michael; Pichler, Andreas",,,"Enabling End-Users in Designing and Executing of Complex, Collaborative Robotic Processes",APPLIED SYSTEM INNOVATION,,,,,,,,,,,,,,,,,"Sackl, Andreas/AAX-5176-2021; Strohmeier, Felix/JGL-7822-2023; Weichhart, Georg/HZM-2867-2023","Strohmeier, Felix/0000-0001-8842-4139; Pichler, Andreas/0000-0003-4312-2369; Weichhart, Georg/0000-0002-1405-5825; Zorrer, Helmut/0000-0002-0669-8097; Propst, Matthias/0000-0002-7724-9037",,,,,,,,,,,,,,2571-5577,,,,JUN,2023,6,3,,,,,,,56,10.3390/asi6030056,http://dx.doi.org/10.3390/asi6030056,,,,,,,,,,,,,WOS:001016910400001,View Full Record in Web of Science
J,"Martens, C; Ruchel, N; Lang, O; Ivlev, O; Gräser, A",,,,"Martens, C; Ruchel, N; Lang, O; Ivlev, O; Gräser, A",,,A friend for assisting handicapped people,IEEE ROBOTICS & AUTOMATION MAGAZINE,,,,,,,,,,,,,,,,,"Graeser, Axel/GWQ-7634-2022",,,,,,,,,,,,,,1070-9932,,,,,MAR,2001,8,1,,,,,57,65,,10.1109/100.924364,http://dx.doi.org/10.1109/100.924364,,,,,,,,,,,,,WOS:000168443300008,View Full Record in Web of Science
C,"Rovida, F; Krueger, V; Nalpantidis, L; Charzoule, A; Lasnier, A; Petrick, R; Crosby, M; Toscano, C; Veiga, G",,"Tokhi, MO; Virk, GS",,"Rovida, Francesco; Krueger, Volker; Nalpantidis, Lazaros; Charzoule, Arnaud; Lasnier, Antoine; Petrick, R.; Crosby, M.; Toscano, C.; Veiga, G.",,,A CYBER-PHYSICAL SYSTEMS APPROACH FOR CONTROLLING AUTONOMOUS MOBILE MANIPULATORS,ADVANCES IN COOPERATIVE ROBOTICS,,,,,19th International Conference series on Climbing and Walking Robots and the Support Technologies for Mobile Machines (CLAWAR),"SEP 12-14, 2016","London, ENGLAND","CLAWAR Assoc,Queen Mary Univ London,London S Bank Univ,Univ Sheffield,Kings Coll London",,,,,,,,,"Veiga, Germano/AAC-4922-2019; Nalpantidis, Lazaros/J-1803-2012; Veiga, Germano/D-1288-2012","Toscano, Cesar/0000-0002-6056-6917; Veiga, Germano/0000-0003-3044-6938; Crosby, Matthew/0000-0001-7606-7533",,,,,,,,,,,,,,,978-981-3149-12-0,,,,2017,,,,,,,169,177,,,,,,,,,,,,,,,,WOS:000386326300022,View Full Record in Web of Science
J,"Backhaus, J; Reinhart, G",,,,"Backhaus, J.; Reinhart, G.",,,"Digital description of products, processes and resources for task-oriented programming of assembly systems",JOURNAL OF INTELLIGENT MANUFACTURING,,,,,,,,,,,,,,,,,,,,,,,,,,,,,,,0956-5515,1572-8145,,,,DEC,2017,28,8,,,,,1787,1800,,10.1007/s10845-015-1063-3,http://dx.doi.org/10.1007/s10845-015-1063-3,,,,,,,,,,,,,WOS:000414078900002,View Full Record in Web of Science
J,"Ma, YQ; Xie, YH; Zhu, WJ; Liu, S",,,,"Ma, Yanqin; Xie, Yonghua; Zhu, Wenjun; Liu, Song",,,An Efficient Robot Precision Assembly Skill Learning Framework Based on Several Demonstrations,IEEE TRANSACTIONS ON AUTOMATION SCIENCE AND ENGINEERING,,,,,,,,,,,,,,,,,"Liu, Song/MCK-4592-2025","Ma, Yanqin/0000-0002-7799-466X",,,,,,,,,,,,,1545-5955,1558-3783,,,,JAN,2023,20,1,,,,,124,136,,10.1109/TASE.2022.3144282,http://dx.doi.org/10.1109/TASE.2022.3144282,,JAN 2022,,,,,,,,,,,WOS:000751483900001,View Full Record in Web of Science
J,"Daxwanger, WA; Schmidt, G",,,,"Daxwanger, WA; Schmidt, G",,,Neural and fuzzy approaches to vision-based parking control,CONTROL ENGINEERING PRACTICE,,,,,IFAC Workshop on Artificial Intelligence in Real-Time Control,"NOV 29-DEC 01, 1995","BLED, SLOVENIA","Int Federat Automat Control,Int Assoc Math & Comp Simulat,Automat Control Soc Slovenia,IFAC, Tech Comm Artificial Intelligence Real Time Control,Univ Ljubljana, Fac Elect & Comp Engn,Jozef Stefan Inst",,,,,,,,,,,,,,,,,,,,,,,0967-0661,,,,,NOV,1996,4,11,,,,,1607,1614,,10.1016/0967-0661(96)00176-1,http://dx.doi.org/10.1016/0967-0661(96)00176-1,,,,,,,,,,,,,WOS:A1996VU52300014,View Full Record in Web of Science
C,"Volkmann, M; Legler, T; Wagner, A; Ruskowski, M",,"Vosniakos, GC; Pellicciari, M; Benardos, P; Markopoulos, A",,"Volkmann, Magnus; Legler, Tatjana; Wagner, Andreas; Ruskowski, Martin",,,A CAD feature-based manufacturing approach with OPC UA skills,30TH INTERNATIONAL CONFERENCE ON FLEXIBLE AUTOMATION AND INTELLIGENT MANUFACTURING (FAIM2021),Procedia Manufacturing,,,,30th International Conference on Flexible Automation and Intelligent Manufacturing (FAIM),"JUN 15-18, 2021","Natl Tech Univ Athens, Sch Mech Engn, Athens, GREECE",,"Natl Tech Univ Athens, Sch Mech Engn",,,,,,,,,"Wagner, Andreas Johannes/0000-0001-9907-9377; Volkmann, Magnus/0000-0001-8870-4026; Legler, Tatjana/0000-0002-7297-0845",,,,,,,,,,,,,2351-9789,,,,,,2020,51,,,,,,416,423,,10.1016/j.promfg.2020.10.059,http://dx.doi.org/10.1016/j.promfg.2020.10.059,,,,,,,,,,,,,WOS:000863680700058,View Full Record in Web of Science
J,"Lewandrowski, KU; Elfar, JC; Li, ZM; Burkhardt, BW; Lorio, MP; Winkler, PA; Oertel, JM; Telfeian, AE; Dowling, A; Vargas, RAA; Ramina, R; Abraham, I; Assefi, M; Yang, HL; Zhang, XF; León, JFR; Fiorelli, RKA; Pereira, MG; de Carvalho, PST; Defino, H; Moyano, J; Lim, KT; Kim, HS; Montemurro, N; Yeung, A; Novellino, P",,,,"Lewandrowski, Kai-Uwe; Elfar, John C.; Li, Zong-Ming; Burkhardt, Benedikt W.; Lorio, Morgan P.; Winkler, Peter A.; Oertel, Joachim M.; Telfeian, Albert E.; Dowling, Alvaro; Vargas, Roth A. A.; Ramina, Ricardo; Abraham, Ivo; Assefi, Marjan; Yang, Huilin; Zhang, Xifeng; Ramirez Leon, Jorge Felipe; Alvim Fiorelli, Rossano Kepler; Pereira, Mauricio G.; Teixeira de Carvalho, Paulo Sergio; Defino, Helton; Moyano, Jaime; Lim, Kang Taek; Kim, Hyeun-Sung; Montemurro, Nicola; Yeung, Anthony; Novellino, Pietro",,,"The Changing Environment in Postgraduate Education in Orthopedic Surgery and Neurosurgery and Its Impact on Technology-Driven Targeted Interventional and Surgical Pain Management: Perspectives from Europe, Latin America, Asia, and The United States",JOURNAL OF PERSONALIZED MEDICINE,,,,,,,,,,,,,,,,,"Assefi, Dr. Marjan/GPP-5286-2022; Montemurro, Nicola/AAQ-9107-2020; Pereira, Ana/KHY-3334-2024; Elfar, John/Q-7371-2017; de Carvalho, Paulo/H-4279-2012; Lewandrowski, Kai-Uwe/AAI-7632-2020; Defino, Helton/O-1928-2013; Kim, Hyeun-Sung/H-3400-2018","Defino, Helton/0000-0003-4274-0130; Lewandrowski, Kai-Uwe/0000-0001-7842-2914; Kim, Hyeun-Sung/0000-0001-5361-5234; Pereira, Mauricio Gomes/0000-0001-9512-3502",,,,,,,,,,,,,,2075-4426,,,,MAY 18,2023,13,5,,,,,,,852,10.3390/jpm13050852,http://dx.doi.org/10.3390/jpm13050852,,,,,,,,37241022,,,,,WOS:001013496200001,View Full Record in Web of Science
J,"Zhang, DD; Fan, W; Lloyd, J; Yang, CG; Lepora, NF",,,,"Zhang, Dandan; Fan, Wen; Lloyd, John; Yang, Chenguang; Lepora, Nathan F. F.",,,One-Shot Domain-Adaptive Imitation Learning via Progressive Learning Applied to Robotic Pouring,IEEE TRANSACTIONS ON AUTOMATION SCIENCE AND ENGINEERING,,,,,,,,,,,,,,,,,"Yang, Chenguang/AAJ-2509-2020; Lepora, Nathan/IUP-6849-2023; Zhang, Dandan/ABG-7595-2020","Yang, Chenguang/0000-0001-5255-5559; FAN, WEN/0009-0009-4239-1242",,,,,,,,,,,,,1545-5955,1558-3783,,,,JAN,2024,21,1,,,,,541,554,,10.1109/TASE.2022.3220728,http://dx.doi.org/10.1109/TASE.2022.3220728,,DEC 2022,,,,,,,,,,,WOS:000899944000001,View Full Record in Web of Science
J,"MacAlpine, P; Stone, P",,,,"MacAlpine, Patrick; Stone, Peter",,,Overlapping layered learning,ARTIFICIAL INTELLIGENCE,,,,,,,,,,,,,,,,,,,,,,,,,,,,,,,0004-3702,1872-7921,,,,JAN,2018,254,,,,,,21,43,,10.1016/j.artint.2017.09.001,http://dx.doi.org/10.1016/j.artint.2017.09.001,,,,,,,,,,,,,WOS:000417772100002,View Full Record in Web of Science
J,"Du, YH; Wei, XH",,,,"Du, Yuhong; Wei, Xiahai",,,"Task content routinisation, technological change and labour turnover: Evidence from China",ECONOMIC AND LABOUR RELATIONS REVIEW,,,,,,,,,,,,,,,,,"Yuhong, Du/HLW-8500-2023","Yuhong, Du/0000-0002-7894-8315",,,,,,,,,,,,,1035-3046,1838-2673,,,,SEP,2020,31,3,,,SI,,324,346,1035304620921569,10.1177/1035304620921569,http://dx.doi.org/10.1177/1035304620921569,,MAY 2020,,,,,,,,,,,WOS:000533948000001,View Full Record in Web of Science
S,"Colomé, A; Torras, C","Colome, A; Torras, C",,,"Colome, Adria; Torras, Carme","Colome, A; Torras, C",,Robot Compliant Control,REINFORCEMENT LEARNING OF BIMANUAL ROBOT SKILLS,Springer Tracts in Advanced Robotics,,,,,,,,,,,,,,,,"Torras, Carme/M-1794-2014","Torras, Carme/0000-0002-2933-398X",,,,,,,,,,,,,1610-7438,1610-742X,978-3-030-26326-3; 978-3-030-26325-6,,,,2020,134,,,,,,53,72,,10.1007/978-3-030-26326-3_4,http://dx.doi.org/10.1007/978-3-030-26326-3_4,10.1007/978-3-030-26326-3,,,,,,,,,,,,WOS:000853713200006,View Full Record in Web of Science
S,"Siciliano, B","Colome, A; Torras, C",,,"Siciliano, Bruno","Colome, A; Torras, C",,Springer Tracts in Advanced Robotics Foreword,REINFORCEMENT LEARNING OF BIMANUAL ROBOT SKILLS,Springer Tracts in Advanced Robotics,,,,,,,,,,,,,,,,,,,,,,,,,,,,,,1610-7438,1610-742X,978-3-030-26326-3; 978-3-030-26325-6,,,,2020,134,,,,,,VII,VIII,,,,10.1007/978-3-030-26326-3,,,,,,,,,,,,WOS:000853713200001,View Full Record in Web of Science
S,"Colomé, A; Torras, C","Colome, A; Torras, C",,,"Colome, Adria; Torras, Carme","Colome, A; Torras, C",,Inverse Kinematics and Relative Arm Positioning,REINFORCEMENT LEARNING OF BIMANUAL ROBOT SKILLS,Springer Tracts in Advanced Robotics,,,,,,,,,,,,,,,,"Torras, Carme/M-1794-2014","Torras, Carme/0000-0002-2933-398X",,,,,,,,,,,,,1610-7438,1610-742X,978-3-030-26326-3; 978-3-030-26325-6,,,,2020,134,,,,,,25,52,,10.1007/978-3-030-26326-3_3,http://dx.doi.org/10.1007/978-3-030-26326-3_3,10.1007/978-3-030-26326-3,,,,,,,,,,,,WOS:000853713200005,View Full Record in Web of Science
S,"Colomé, A; Torras, C","Colome, A; Torras, C",,,"Colome, Adria; Torras, Carme","Colome, A; Torras, C",,Generating and Adapting Probabilistic Movement Primitives,REINFORCEMENT LEARNING OF BIMANUAL ROBOT SKILLS,Springer Tracts in Advanced Robotics,,,,,,,,,,,,,,,,"Torras, Carme/M-1794-2014","Torras, Carme/0000-0002-2933-398X",,,,,,,,,,,,,1610-7438,1610-742X,978-3-030-26326-3; 978-3-030-26325-6,,,,2020,134,,,,,,147,167,,10.1007/978-3-030-26326-3_8,http://dx.doi.org/10.1007/978-3-030-26326-3_8,10.1007/978-3-030-26326-3,,,,,,,,,,,,WOS:000853713200010,View Full Record in Web of Science
S,"Colomé, A; Torras, C","Colome, A; Torras, C",,,"Colome, Adria; Torras, Carme","Colome, A; Torras, C",,Preliminaries,REINFORCEMENT LEARNING OF BIMANUAL ROBOT SKILLS,Springer Tracts in Advanced Robotics,,,,,,,,,,,,,,,,"Torras, Carme/M-1794-2014","Torras, Carme/0000-0002-2933-398X",,,,,,,,,,,,,1610-7438,1610-742X,978-3-030-26326-3; 978-3-030-26325-6,,,,2020,134,,,,,,75,87,,10.1007/978-3-030-26326-3_5,http://dx.doi.org/10.1007/978-3-030-26326-3_5,10.1007/978-3-030-26326-3,,,,,,,,,,,,WOS:000853713200007,View Full Record in Web of Science
S,"Colomé, A; Torras, C","Colome, A; Torras, C",,,"Colome, Adria; Torras, Carme","Colome, A; Torras, C",,Performing DR in the Parameter Space Instead of the Task Space,REINFORCEMENT LEARNING OF BIMANUAL ROBOT SKILLS,Springer Tracts in Advanced Robotics,,,,,,,,,,,,,,,,"Torras, Carme/M-1794-2014","Torras, Carme/0000-0002-2933-398X",,,,,,,,,,,,,1610-7438,1610-742X,978-3-030-26326-3; 978-3-030-26325-6,,,,2020,134,,,,,,175,178,,,,10.1007/978-3-030-26326-3,,,,,,,,,,,,WOS:000853713200012,View Full Record in Web of Science
S,"Colomé, A; Torras, C","Colome, A; Torras, C",,,"Colome, Adria; Torras, Carme","Colome, A; Torras, C",,Dimensionality Reduction with Movement Primitives,REINFORCEMENT LEARNING OF BIMANUAL ROBOT SKILLS,Springer Tracts in Advanced Robotics,,,,,,,,,,,,,,,,"Torras, Carme/M-1794-2014","Torras, Carme/0000-0002-2933-398X",,,,,,,,,,,,,1610-7438,1610-742X,978-3-030-26326-3; 978-3-030-26325-6,,,,2020,134,,,,,,109,146,,10.1007/978-3-030-26326-3_7,http://dx.doi.org/10.1007/978-3-030-26326-3_7,10.1007/978-3-030-26326-3,,,,,,,,,,,,WOS:000853713200009,View Full Record in Web of Science
S,"Colomé, A; Torras, C","Colome, A; Torras, C",,,"Colome, Adria; Torras, Carme","Colome, A; Torras, C",,Springer Tracts in Advanced Robotics Preface,REINFORCEMENT LEARNING OF BIMANUAL ROBOT SKILLS,Springer Tracts in Advanced Robotics,,,,,,,,,,,,,,,,"Torras, Carme/M-1794-2014","Torras, Carme/0000-0002-2933-398X",,,,,,,,,,,,,1610-7438,1610-742X,978-3-030-26326-3; 978-3-030-26325-6,,,,2020,134,,,,,,IX,X,,,,10.1007/978-3-030-26326-3,,,,,,,,,,,,WOS:000853713200002,View Full Record in Web of Science
S,"Colomé, A; Torras, C","Colome, A; Torras, C",,,"Colome, Adria; Torras, Carme","Colome, A; Torras, C",,Springer Tracts in Advanced Robotics Introduction,REINFORCEMENT LEARNING OF BIMANUAL ROBOT SKILLS,Springer Tracts in Advanced Robotics,,,,,,,,,,,,,,,,"Torras, Carme/M-1794-2014","Torras, Carme/0000-0002-2933-398X",,,,,,,,,,,,,1610-7438,1610-742X,978-3-030-26326-3; 978-3-030-26325-6,,,,2020,134,,,,,,1,7,,10.1007/978-3-030-26326-3_1,http://dx.doi.org/10.1007/978-3-030-26326-3_1,10.1007/978-3-030-26326-3,,,,,,,,,,,,WOS:000853713200003,View Full Record in Web of Science
S,"Colomé, A; Torras, C","Colome, A; Torras, C",,,"Colome, Adria; Torras, Carme","Colome, A; Torras, C",,Springer Tracts in Advanced Robotics Conclusions,REINFORCEMENT LEARNING OF BIMANUAL ROBOT SKILLS,Springer Tracts in Advanced Robotics,,,,,,,,,,,,,,,,"Torras, Carme/M-1794-2014","Torras, Carme/0000-0002-2933-398X",,,,,,,,,,,,,1610-7438,1610-742X,978-3-030-26326-3; 978-3-030-26325-6,,,,2020,134,,,,,,169,173,,10.1007/978-3-030-26326-3_9,http://dx.doi.org/10.1007/978-3-030-26326-3_9,10.1007/978-3-030-26326-3,,,,,,,,,,,,WOS:000853713200011,View Full Record in Web of Science
S,"Colomé, A; Torras, C","Colome, A; Torras, C",,,"Colome, Adria; Torras, Carme","Colome, A; Torras, C",,Sampling Efficiency in Learning Robot Motion,REINFORCEMENT LEARNING OF BIMANUAL ROBOT SKILLS,Springer Tracts in Advanced Robotics,,,,,,,,,,,,,,,,"Torras, Carme/M-1794-2014","Torras, Carme/0000-0002-2933-398X",,,,,,,,,,,,,1610-7438,1610-742X,978-3-030-26326-3; 978-3-030-26325-6,,,,2020,134,,,,,,89,107,,10.1007/978-3-030-26326-3_6,http://dx.doi.org/10.1007/978-3-030-26326-3_6,10.1007/978-3-030-26326-3,,,,,,,,,,,,WOS:000853713200008,View Full Record in Web of Science
S,"Colomé, A; Torras, C","Colome, A; Torras, C",,,"Colome, Adria; Torras, Carme","Colome, A; Torras, C",,State of the Art,REINFORCEMENT LEARNING OF BIMANUAL ROBOT SKILLS,Springer Tracts in Advanced Robotics,,,,,,,,,,,,,,,,"Torras, Carme/M-1794-2014","Torras, Carme/0000-0002-2933-398X",,,,,,,,,,,,,1610-7438,1610-742X,978-3-030-26326-3; 978-3-030-26325-6,,,,2020,134,,,,,,11,24,,10.1007/978-3-030-26326-3_2,http://dx.doi.org/10.1007/978-3-030-26326-3_2,10.1007/978-3-030-26326-3,,,,,,,,,,,,WOS:000853713200004,View Full Record in Web of Science
S,"Colomé, A; Torras, C","Colome, A; Torras, C",,,"Colome, Adria; Torras, Carme","Colome, A; Torras, C",,External Resources,REINFORCEMENT LEARNING OF BIMANUAL ROBOT SKILLS,Springer Tracts in Advanced Robotics,,,,,,,,,,,,,,,,"Torras, Carme/M-1794-2014","Torras, Carme/0000-0002-2933-398X",,,,,,,,,,,,,1610-7438,1610-742X,978-3-030-26326-3; 978-3-030-26325-6,,,,2020,134,,,,,,179,179,,,,10.1007/978-3-030-26326-3,,,,,,,,,,,,WOS:000853713200013,View Full Record in Web of Science
